id	genes	genes_peg	genes_wp	subsystem	comment
R08198	Athe_2125 or Athe_1994	peg.2680 or peg.2522	WP_015908470.1 or WP_015908365.1	-
R11312	Athe_0372	peg.785	WP_015906973.1	-
R03634	Athe_1104 or Athe_0468	peg.1585 or peg.888	WP_015907610.1 or WP_015907063.1	Galactose metabolism
R05549	Athe_1104 or Athe_0468	peg.1585 or peg.888	WP_015907610.1 or WP_015907063.1	Galactose metabolism
R07413	Athe_1569 or Athe_2028	peg.2066 or peg.2574	WP_015908011.1 or WP_015908389.1	Pentose and glucuronate interconversions
R10949	Athe_1540 and (Athe_1541 or Athe_1378)	peg.2035 and (peg.2036 or peg.1868)	WP_015907985.1 and (WP_015907986.1 or WP_015907847.1)	-
R01196	(Athe_1708 or Athe_1709) or (Athe_0874 and Athe_0875 and Athe_0876 and Athe_0877)	(peg.2217 or peg.2218) or (peg.1337 and peg.1338 and peg.1339 and peg.1340)	(WP_015908131.1 or WP_015908132.1) or (WP_015907411.1 and WP_013290123.1 and WP_015907412.1 and WP_015907413.1)	Glycolysis / Gluconeogenesis
R01199	(Athe_1708 or Athe_1709) or (Athe_0874 and Athe_0875 and Athe_0876 and Athe_0877)	(peg.2217 or peg.2218) or (peg.1337 and peg.1338 and peg.1339 and peg.1340)	(WP_015908131.1 or WP_015908132.1) or (WP_015907411.1 and WP_013290123.1 and WP_015907412.1 and WP_015907413.1)	Propanoate metabolism
R07641	Athe_1540 and (Athe_1541 or Athe_1378)	peg.2035 and (peg.2036 or peg.1868)	WP_015907985.1 and (WP_015907986.1 or WP_015907847.1)	-
R00868	Athe_0537	peg.968	WP_015907121.1	Fructose and mannose metabolism
R01542	Athe_2383	peg.2965	WP_015908705.1	Pentose and glucuronate interconversions
R07133	Athe_0698	peg.1152	WP_015907255.1	-
R01183	Athe_2334 or Athe_0344	peg.2909 or peg.755	WP_015908658.1 or WP_015906945.1	Streptomycin biosynthesis
R03458	Athe_0564	peg.996	WP_015907144.1	Riboflavin metabolism
R02454	Athe_0855	peg.1315	WP_015907397.1	Pentose and glucuronate interconversions
R01513	Athe_2125 or Athe_1994	peg.2680 or peg.2522	WP_015908470.1 or WP_015908365.1	Glycine, serine and threonine metabolism
R03443	Athe_1079	peg.1560	WP_015907589.1	Arginine biosynthesis
R07175	peg.2268	peg.2268	WP_041727164.1	-
R01398	Athe_1542	peg.2037	WP_015907987.1	Arginine biosynthesis
R09735	Athe_0827 or Athe_0828	peg.1287 or peg.1288	WP_015907370.1 or WP_015907371.1	Folate biosynthesis
R01067	(Athe_2059 and Athe_2060) or Athe_2328	(peg.2605 and peg.2606) or peg.2903	(WP_015908415.1 and WP_015908416.1) or WP_015908653.1	Carbon fixation in photosynthetic organisms
R08575	Athe_1489	peg.1982	WP_013430193.1	-
R09524	Athe_0702 and Athe_0703 and Athe_0704	peg.1156 and peg.1157 and peg.1158	WP_015907259.1 and WP_015907260.1 and WP_015907261.1	-
R00230	Athe_1494	peg.1987	WP_015907948.1	Pyruvate metabolism
R00921	Athe_1494	peg.1987	WP_015907948.1	Propanoate metabolism
R00952	Athe_0459 or Athe_0460	peg.879 or peg.880	WP_015907054.1 or WP_015907055.1	Sugar metabolism
R07264_kz	Athe_0398	peg.813	WP_015906997.1	Sugar metabolism
R02727	Athe_0403 or Athe_0415	peg.818 or peg.834	WP_015907002.1 or -	Sugar metabolism
R01071	Athe_1479	peg.1972	WP_013430203.1	Histidine metabolism
R03223	Athe_0372	peg.785	WP_015906973.1	Thiamine metabolism
R10712	Athe_0372	peg.785	WP_015906973.1	Thiamine metabolism
R04457	Athe_0561	peg.993	WP_015907141.1	Riboflavin metabolism
R00066	Ashe_0563	peg.995	WP_015907143.1	Riboflavin metabolism
R00694	Athe_0846	peg.1306	WP_015907389.1	Phenylalanine metabolism
R00734	Athe_0846	peg.1306	WP_015907389.1	Ubiquinone and other terpenoid-quinone biosynthesis
R05085	Athe_2126	peg.2681	WP_015908471.1	Vitamin B6 metabolism
R04173	Athe_2126	peg.2681	WP_015908471.1	Glycine, serine and threonine metabolism
R05839	Athe_1910	peg.2426	WP_015908291.1	Vitamin B6 metabolism
R01580	Athe_1910	peg.2426	WP_015908291.1	Vitamin B6 metabolism
R03231	Athe_2542	peg.77	WP_015908860.1	Biotin metabolism
R03243	Athe_1477	peg.1970	WP_015907936.1	Histidine metabolism
R00299	Athe_0552	peg.984	WP_015907133.1	Glycolysis / Gluconeogenesis
R00760	Athe_2118	peg.2673	WP_015908465.1	Starch and sucrose metabolism
R00756	Athe_1265	peg.1752	WP_013403349.1	Glycolysis / Gluconeogenesis
R01843	Athe_1265	peg.1752	WP_013403349.1	-
R00767	Athe_1265	peg.1752	WP_013403349.1	-
R03237	Athe_1265	peg.1752	WP_013403349.1	Galactose metabolism
R00769	Athe_1265	peg.1752	WP_013403349.1	-
R03238	Athe_1265	peg.1752	WP_013403349.1	Galactose metabolism
R00770	Athe_1265	peg.1752	WP_013403349.1	-
R03239	Athe_1265	peg.1752	WP_013403349.1	Galactose metabolism
R03236	Athe_0147 or Athe_1265	peg.542 or peg.1752	WP_015906777.1 or WP_013403349.1	Galactose metabolism
R02439	Athe_2229	peg.2793	WP_015908562.1	Pentose and glucuronate interconversions
R01526	Athe_2229	peg.2793	WP_015908562.1	Pentose and glucuronate interconversions
R01639	Athe_0567	peg.1000	WP_015907147.1	Pentose and glucuronate interconversions
R01514	Athe_2071	peg.2617	WP_015908425.1	Glycine, serine and threonine metabolism
R00200	Athe_1266	peg.1753	WP_015907751.1	Glycolysis / Gluconeogenesis
R01541	Athe_2385	peg.2967	WP_015908707.1	Pentose phosphate pathway
R01902	Athe_0841	peg.1301	WP_015907384.1	Pentose and glucuronate interconversions
R03014	Athe_0841	peg.1301	WP_015907384.1	Fructose and mannose metabolism
R03241	Athe_0841	peg.1301	WP_015907384.1	Fructose and mannose metabolism
R02071	Athe_0147	peg.542	WP_015906777.1	Sugar metabolism
R01092	Athe_0939	peg.1409	WP_015907466.1	Galactose metabolism
R00764	Athe_1824	peg.2336	WP_015908214.1	Glycolysis / Gluconeogenesis
R00315	Athe_1493	peg.1986	WP_013430189.1	Pyruvate metabolism
R01353	Athe_1493	peg.1986	WP_013430189.1	Propanoate metabolism
R01512	Athe_1405	peg.1899	WP_015907871.1	Glycolysis / Gluconeogenesis
PGK2	Athe_1405	peg.1899	WP_015907871.1	-
R02649	Athe_1078	peg.1559	WP_015907588.1	Arginine biosynthesis
R00502	Athe_0938	peg.1408	WP_015907465.1	Galactose metabolism
R00885	Athe_1471	peg.1964	WP_015907930.1	Fructose and mannose metabolism
R00883	Athe_0233	peg.632	WP_015906853.1	Fructose and mannose metabolism
R00948	Athe_0557 and Athe_0556	peg.989 and peg.988	WP_015907138.1 and WP_015907137.1	Starch and sucrose metabolism
R09726	Athe_0831	peg.1291	WP_015907374.1	Folate biosynthesis
R01718	Athe_0165	peg.561	WP_015906793.1	-
R00801	Athe_0165	peg.561	WP_015906793.1	Galactose metabolism
R10867	Athe_0099	peg.484	WP_079503994.1	-
R10040	Athe_0458	peg.878	WP_015907053.1	-
R10035	Athe_0458	peg.878	WP_015907053.1	-
R04998	Athe_0458	peg.878	WP_015907053.1	Phenylpropanoid biosynthesis
R10039	Athe_0458	peg.878	WP_015907053.1	-
R02985	Athe_0458	peg.878	WP_015907053.1	Cyanoamino acid metabolism
R02558	Athe_0458	peg.878	WP_015907053.1	Cyanoamino acid metabolism
R01103	Athe_1104 or Athe_0468	peg.1585 or peg.888	WP_015907610.1 or WP_015907063.1	Galactose metabolism
R01194	Athe_1104 or Athe_0468	peg.1585 or peg.888	WP_015907610.1 or WP_015907063.1	Galactose metabolism
R02926	Athe_1104 or Athe_0468	peg.1585 or peg.888	WP_015907610.1 or WP_015907063.1	Galactose metabolism
R01329	Athe_1104 or Athe_0468	peg.1585 or peg.888	WP_015907610.1 or WP_015907063.1	Galactose metabolism
R01104	Athe_1104 or Athe_0468	peg.1585 or peg.888	WP_015907610.1 or WP_015907063.1	Galactose metabolism
R01101	Athe_1104 or Athe_0468	peg.1585 or peg.888	WP_015907610.1 or WP_015907063.1	Galactose metabolism
R04783	Athe_0857 or Athe_1927	peg.1317 or peg.2445	WP_041727352.1 or WP_015908307.1	-
R01100	Athe_0857 or Athe_1927	peg.1317 or peg.2445	WP_041727352.1 or WP_015908307.1	-
R08127	Athe_2086	peg.2636	WP_079504033.1	Flavone and flavonol biosynthesis
R08260	Athe_2086	peg.2636	WP_079504033.1	Drug metabolism - other enzymes
R03801	Athe_1865	peg.2375	WP_015908248.1	-
R05141	Athe_1865	peg.2375	WP_015908248.1	-
R05142	Athe_1865	peg.2375	WP_015908248.1	-
R03802	Athe_1865	peg.2375	WP_015908248.1	-
R01444	Athe_1865	peg.2375	WP_015908248.1	-
R02059	Athe_0096	peg.481	WP_015906735.1	Amino sugar and nucleotide sugar metabolism
R05168	Athe_0096	peg.481	WP_015906735.1	Galactose metabolism
R04037	Athe_1472	peg.1965	WP_015907931.1	Histidine metabolism
R03459	Athe_0564	peg.996	WP_015907144.1	Riboflavin metabolism
R04035	Athe_1472	peg.1965	WP_015907931.1	Histidine metabolism
R01068	Athe_0621	peg.1061	WP_013289899.1	Glycolysis / Gluconeogenesis
R01829	Athe_0621	peg.1061	WP_013289899.1	Carbon fixation in photosynthetic organisms
R02568	Athe_0621	peg.1061	WP_013289899.1	Fructose and mannose metabolism
R05605	Athe_2386	peg.2968	WP_015908708.1	Pentose phosphate pathway
R02262	Athe_0695	peg.1149	WP_015907252.1	Fructose and mannose metabolism
R02263	Athe_0696	peg.1150	WP_015907253.1	Fructose and mannose metabolism
R01785	Athe_0696	peg.1150	WP_015907253.1	Pentose and glucuronate interconversions
R07281	Athe_0562	peg.994	WP_015907142.1	Riboflavin metabolism
R03472	Athe_0373	peg.786	WP_015906974.1	Thiamine metabolism
R00658	Athe_1403	peg.1897	WP_015907869.1	Glycolysis / Gluconeogenesis
R04206	Athe_1403	peg.1897	WP_015907869.1	-
R03457	Athe_1476	peg.1969	WP_015907935.1	Histidine metabolism
R01325	Athe_0524	peg.955	WP_015907109.1	Citrate cycle (TCA cycle)
R01900	Athe_0524	peg.955	WP_015907109.1	Citrate cycle (TCA cycle)
R02782	Athe_2333	peg.2908	WP_015908657.1	Inositol phosphate metabolism
R05606	Athe_0856	peg.1316	WP_015907398.1	Pentose and glucuronate interconversions
R05086	Athe_0655	peg.1097	WP_015907227.1	Vitamin B6 metabolism
R01086	Athe_1248	peg.1735	WP_015907738.1	Arginine biosynthesis
R11372	Athe_0830	peg.1290	WP_015907373.1	Folate biosynthesis
R01529	Athe_1047	peg.1528	WP_015907560.1	Pentose phosphate pathway
R01445_kz	Athe_2557	peg.94	WP_015908874.1	-
R10810	Athe_2557	peg.94	WP_015908874.1	-	Athe_2557 has 0.99 coverage and 0.455 identity to Rumal_0019 (Figure 5 of literature 23093406)
R00291	Athe_0940 or Athe_1148	peg.1410 or peg.1631	WP_015907467.1 or WP_015907648.1	Galactose metabolism
R02984	Athe_0940 or Athe_1148	peg.1410 or peg.1631	WP_015907467.1 or WP_015907648.1	-
R00418	Athe_0940 or Athe_1148	peg.1410 or peg.1631	WP_015907467.1 or WP_015907648.1	Amino sugar and nucleotide sugar metabolism
R05850	Athe_2227	peg.2791	WP_015908560.1	Pentose and glucuronate interconversions
R01015	Athe_1405	peg.1899	WP_015907871.1	Glycolysis / Gluconeogenesis
R01482	Athe_1402	peg.1896	WP_015907868.1	Pentose and glucuronate interconversions
R01983	Athe_1402	peg.1896	WP_015907868.1	Pentose and glucuronate interconversions
R02437	Athe_0706	peg.1160	WP_015907263.1	Fructose and mannose metabolism
R04640	Athe_1474	peg.1967	WP_015907933.1	Histidine metabolism
R04383	Athe_2384	peg.2966	WP_015908706.1	Pentose and glucuronate interconversions
R03163	Athe_2073	peg.2619	WP_015908427.1	Fructose and mannose metabolism
R01761	Athe_0707	peg.1161	WP_041727337.1	Pentose and glucuronate interconversions
R00307	Athe_0603	peg.1037	WP_015907182.1	-
R01432	Athe_0603	peg.1037	WP_015907182.1	Pentose and glucuronate interconversions
R01056	Athe_0632	peg.1073	WP_015907207.1	Pentose phosphate pathway
R00772	Athe_0619	peg.1059	WP_015907196.1	Sugar metabolism
R00771	Athe_0619	peg.1059	WP_015907196.1	Glycolysis / Gluconeogenesis
R09952	Athe_0345	peg.756	WP_015906946.1	Inositol phosphate metabolism
R01518	Athe_1404	peg.1898	WP_015907870.1	Glycolysis / Gluconeogenesis
R02728	Athe_0397	peg.812	WP_015906996.1	Glycolysis / Gluconeogenesis
R03182	Athe_2543	peg.78	WP_015908861.1	Biotin metabolism
R01954	Athe_1249	peg.1736	WP_015907739.1	Arginine biosynthesis
R01061	Athe_1406	peg.1900	WP_015907872.1	Glycolysis / Gluconeogenesis
R01641	(Athe_2059 and Athe_2060) or Athe_2328	(peg.2605 and peg.2606) or peg.2903	(WP_015908415.1 and WP_015908416.1) or WP_015908653.1	Pentose phosphate pathway
R10948	Athe_1540 and (Athe_1541 or Athe_1378)	peg.2035 and (peg.2036 or peg.1868)	WP_015907985.1 and (WP_015907986.1 or WP_015907847.1)	-
R09030	Athe_0632	peg.1073	WP_015907207.1	Fructose and mannose metabolism
R01074	Athe_0209	peg.607	WP_015906830.1	Biotin metabolism
R03012	Athe_1478	peg.1971	WP_015907937.1	Histidine metabolism
R02060	Athe_2324	peg.2899	WP_015908649.1	Amino sugar and nucleotide sugar metabolism
R01818	Athe_1752 or Athe_0233	peg.2262 or peg.632	WP_015908150.1 or WP_015906853.1	Fructose and mannose metabolism
R00206	Athe_1409	peg.1902	WP_015907875.1	Pyruvate metabolism
R00425	Athe_0562	peg.994	WP_015907142.1	Riboflavin metabolism
R00575	Athe_1540 and (Athe_1541 or Athe_1378)	peg.2035 and (peg.2036 or peg.1868)	WP_015907985.1 and (WP_015907986.1 or WP_015907847.1)	Pyrimidine metabolism
R00143	Athe_1172 and Athe_1173	peg.1657 and peg.1658	WP_015907667.1 and WP_015907668.1	Nitrogen metabolism
R01466	Athe_0655	peg.1097	WP_015907227.1	Glycine, serine and threonine metabolism
R07456	Athe_1909 and Athe_1908	peg.2425 and peg.2424	WP_013429831.1 and WP_015908290.1	Vitamin B6 metabolism
R00306	Athe_0458	peg.878	WP_015907053.1	Starch and sucrose metabolism
R01163	Athe_1478	peg.1971	WP_015907937.1	Histidine metabolism
R10088	Athe_1909 and Athe_1908	peg.2425 and peg.2424	WP_013429831.1 and WP_015908290.1	-
R00256	Athe_0223 or Athe_1450 or (Athe_1473 and Athe_1475) or (Athe_1909 and Athe_1908) or (Athe_1540 and (Athe_1541 or Athe_1378)) or Athe_0078 or (Athe_2034 and Athe_2360) or Athe_1539 or Athe_1432 or (Athe_1784 and Athe_1785)	peg.621 or peg.1942 or (peg.1966 and peg.1968) or (peg.2425 and peg.2424) or (peg.2035 and (peg.2036 or peg.1868)) or peg.462 or (peg.2580 and peg.2936) or peg.2034 or peg.1924 or (peg.2295 and peg.2296)	WP_015906844.1 or WP_015907910.1 or (WP_015907932.1 and WP_015907934.1) or (WP_013429831.1 and WP_015908290.1) or (WP_015907985.1 and (WP_015907986.1 or WP_015907847.1)) or WP_015906719.1 or (WP_088217574.1 and WP_013402129.1) or WP_015907984.1 or WP_015907894.1 or (WP_015908179.1 and WP_015908180.1)
R01395	Athe_1540 and (Athe_1541 or Athe_1378)	peg.2035 and (peg.2036 or peg.1868)	WP_015907985.1 and (WP_015907986.1 or WP_015907847.1)	Nitrogen metabolism
R06590	(Athe_2059 and Athe_2060) or Athe_2328	(peg.2605 and peg.2606) or peg.2903	(WP_015908415.1 and WP_015908416.1) or WP_015908653.1	Biosynthesis of ansamycins
R10089	Athe_1909 and Athe_1908	peg.2425 and peg.2424	WP_013429831.1 and WP_015908290.1	-
R01158	Athe_1478	peg.1971	WP_015907937.1	Biosynthesis of amino acids
R07159	Athe_0820 and Athe_0821	peg.1279 and peg.1280	WP_013403731.1 and WP_015907364.1	Glycolysis / Gluconeogenesis
R00709	Athe_0525	peg.956	WP_015907110.1	Citrate cycle (TCA cycle)
R01082	Athe_2746 and Athe_0510	peg.351 and peg.941	WP_015909037.1 and WP_015907096.1	Citrate cycle (TCA cycle)
R00351	Athe_0518 or Athe_2226	peg.949 or peg.2790	WP_015907103.1 or WP_015908559.1	Citrate cycle (TCA cycle)
R01197	Athe_1096 and Athe_1097 and Athe_1098	peg.1577 and peg.1578 and peg.1579	WP_041727367.1 and WP_015907604.1 and WP_015907605.1	Citrate cycle (TCA cycle)
R04326	Athe_1446	peg.1938	WP_015907906.1	One carbon pool by folate
R07399	Athe_0507	peg.938	WP_015907094.1	Valine, leucine and isoleucine biosynthesis
R02508	Athe_1124 or Athe_1190	peg.1606 or peg.1675	WP_015907625.1 or WP_015907685.1	-
R07396	Athe_0846	peg.1306	WP_015907389.1	Cysteine and methionine metabolism
R01652	Athe_2099	peg.2650	WP_015908448.1	Valine, leucine and isoleucine biosynthesis
R00421	Athe_1238	peg.1725	WP_015907729.1	Amino sugar and nucleotide sugar metabolism
R02472	Athe_1982	peg.2504	WP_015908354.1	Pantothenate and CoA biosynthesis
R01130	Athe_1639	peg.2148	WP_015908066.1	Purine metabolism
R08240	Athe_1639	peg.2148	WP_015908066.1	Drug metabolism - other enzymes
R00703	Athe_1918	peg.2434	WP_015908299.1	Glycolysis / Gluconeogenesis
R03104	Athe_1918	peg.2434	WP_015908299.1	Cysteine and methionine metabolism
R01000	Athe_1918	peg.2434	WP_015908299.1	Propanoate metabolism
R00342	Athe_1918	peg.2434	WP_015908299.1	Citrate cycle (TCA cycle)
R07136	Athe_1918	peg.2434	WP_015908299.1	Cysteine and methionine metabolism
R00994	Athe_2099	peg.2650	WP_015908448.1	Valine, leucine and isoleucine biosynthesis
R03051	Athe_0504	peg.935	WP_013431057.1	Pantothenate and CoA biosynthesis
R04440	Athe_0504	peg.935	WP_013431057.1	Valine, leucine and isoleucine biosynthesis
R05068	Athe_0504	peg.935	WP_013431057.1	Valine, leucine and isoleucine biosynthesis
R05069	Athe_0504	peg.935	WP_013431057.1	Valine, leucine and isoleucine biosynthesis
R05071	Athe_0504	peg.935	WP_013431057.1	Valine, leucine and isoleucine biosynthesis
R11634	Athe_0548	peg.979	WP_015907130.1	Purine metabolism
R11633	Athe_0548	peg.979	WP_015907130.1	Purine metabolism
R11636	Athe_0548	peg.979	WP_015907130.1	Pyrimidine metabolism
R11635	Athe_0548	peg.979	WP_015907130.1	Pyrimidine metabolism
R02291	Athe_1135	peg.1618	WP_041727369.1	Glycine, serine and threonine metabolism
R03313	Athe_1644	peg.2153	WP_015908071.1	Arginine and proline metabolism
R01728	Athe_0844	peg.1304	WP_015907387.1	Phenylalanine, tyrosine and tryptophan biosynthesis
R01869	Athe_1379 and Athe_1380	peg.1870 and peg.1871	WP_015907848.1 and WP_015907849.1	Pyrimidine metabolism
R03291	Athe_1339	peg.1827	WP_015907810.1	Arginine and proline metabolism
R03293	Athe_1339	peg.1827	WP_015907810.1	Arginine and proline metabolism
R07168	Athe_0325	peg.736	WP_015906930.1	One carbon pool by folate
R01224	Athe_0325	peg.736	WP_015906930.1	One carbon pool by folate
R02235	Athe_0219	peg.617	WP_015906840.1	One carbon pool by folate
R02236	Athe_0219	peg.617	WP_015906840.1	One carbon pool by folate
R01220	Athe_0982	peg.1461	WP_015907501.1	One carbon pool by folate
R07605	Athe_2643	peg.199	WP_013291477.1	Folate biosynthesis
R00946	Athe_0324	peg.735	WP_015906929.1	Cysteine and methionine metabolism
R09365	Athe_2549 or Athe_0324	peg.86 or peg.735	WP_015908866.1 or WP_015906929.1	Selenocompound metabolism
R04405	Athe_2549	peg.86	WP_015908866.1	Cysteine and methionine metabolism
R06613	Athe_2044	peg.2590	WP_015908403.1	Pyrimidine metabolism
R09099	Athe_1060	peg.1541	WP_015907573.1	Methane metabolism
R00945	Athe_1060	peg.1541	WP_015907573.1	Glycine, serine and threonine metabolism
R01216	Athe_1981	peg.2503	WP_015908353.1	-
R04325	Athe_1446	peg.1938	WP_015907906.1	Purine metabolism
R04560	Athe_1445	peg.1937	WP_015907905.1	Purine metabolism
R01127	Athe_1445	peg.1937	WP_015907905.1	Purine metabolism
R01397	Athe_1375	peg.1865	WP_015907844.1	Pyrimidine metabolism
R05332	Athe_0635	peg.1076	WP_015907209.1	Amino sugar and nucleotide sugar metabolism
R00371	Athe_2207	peg.2769	WP_015908542.1	Glycine, serine and threonine metabolism
R00586	Athe_2254	peg.2819	WP_015908586.1	Cysteine and methionine metabolism
R01776	Athe_1125	peg.1607	WP_015907626.1	Cysteine and methionine metabolism
R01213	Athe_0505	peg.936	WP_015907092.1	Valine, leucine and isoleucine biosynthesis
R05662	Athe_0778	peg.1237	WP_015907331.1	Peptidoglycan biosynthesis
R05032	Athe_0778	peg.1237	WP_015907331.1	Peptidoglycan biosynthesis
R09942	Athe_0459	peg.879	WP_015907054.1	Amino sugar and nucleotide sugar metabolism
R01561	Athe_1772	peg.2283	WP_015908167.1	Purine metabolism
R02557	Athe_1772	peg.2283	WP_015908167.1	Purine metabolism
R02294	Athe_1772	peg.2283	WP_015908167.1	Nicotinate and nicotinamide metabolism
R02295	Athe_1772	peg.2283	WP_015908167.1	Nicotinate and nicotinamide metabolism
R02297	Athe_1772	peg.2283	WP_015908167.1	Purine metabolism
R01863	Athe_1772	peg.2283	WP_015908167.1	Purine metabolism
R02147	Athe_1772	peg.2283	WP_015908167.1	Purine metabolism
R02484	Athe_1775 or Athe_1772	peg.2286 or peg.2283	WP_015908170.1 or WP_015908167.1	Pyrimidine metabolism
R01969	Athe_1772	peg.2283	WP_015908167.1	Purine metabolism
R02748	Athe_1772	peg.2283	WP_015908167.1	Purine metabolism
R01870	Athe_1382	peg.1873	WP_015907851.1	Pyrimidine metabolism
R08231	Athe_1382	peg.1873	WP_015907851.1	Drug metabolism - other enzymes
R01072	Athe_1448	peg.1940	WP_015907908.1	Purine metabolism
R01073	Athe_1694	peg.2203	WP_015908118.1	Phenylalanine, tyrosine and tryptophan biosynthesis
R03348	Athe_1214	peg.1701	WP_015907706.1	Nicotinate and nicotinamide metabolism
R02296	Athe_1775	peg.2286	WP_015908170.1	Pyrimidine metabolism
R02298	Athe_1775	peg.2286	WP_015908170.1	-
R01876	Athe_1775	peg.2286	WP_015908170.1	Pyrimidine metabolism
R01570	Athe_1775	peg.2286	WP_015908170.1	Pyrimidine metabolism
R01402	Athe_1361 or Athe_1782	peg.1850 or peg.2293	WP_015907831.1 or WP_015908177.1	Cysteine and methionine metabolism
R04378	Athe_1952	peg.2471	WP_013429776.1	Purine metabolism
R00190	Athe_1952 or Athe_0641	peg.2471 or peg.1082	WP_013429776.1 or WP_015907214.1	Purine metabolism
R01229	Athe_1952 or Athe_0641	peg.2471 or peg.1082	WP_013429776.1 or WP_015907214.1	Purine metabolism
R01132	Athe_0641	peg.1082	WP_015907214.1	Purine metabolism
R08237	Athe_0641	peg.1082	WP_015907214.1	Drug metabolism - other enzymes
R08245	Athe_0641	peg.1082	WP_015907214.1	Drug metabolism - other enzymes
R08238	Athe_0641	peg.1082	WP_015907214.1	Drug metabolism - other enzymes
R02142	Athe_0641	peg.1082	WP_015907214.1	Purine metabolism
R00966	Athe_0633	peg.1074	WP_013403882.1	Pyrimidine metabolism
R10339	Athe_0500	peg.931	WP_015907088.1	-
R03066	Athe_0210	peg.608	WP_015906831.1	Folate biosynthesis
R03067	Athe_0210	peg.608	WP_015906831.1	Folate biosynthesis
R01920	Athe_1314	peg.1802	WP_015907789.1	Cysteine and methionine metabolism
R08359	Athe_1314	peg.1802	WP_015907789.1	Glutathione metabolism
R02869	Athe_1314	peg.1802	WP_015907789.1	Cysteine and methionine metabolism
R03460	Athe_0843	peg.1303	WP_015907386.1	Phenylalanine, tyrosine and tryptophan biosynthesis
R03132	Athe_1615	peg.2123	WP_015908048.1	Cysteine and methionine metabolism
R03601	Athe_1615	peg.2123	WP_015908048.1	-
R00897	Athe_1615	peg.2123	WP_015908048.1	Cysteine and methionine metabolism
R03217	Athe_1124 or Athe_1190	peg.1606 or peg.1675	WP_015907625.1 or WP_015907685.1	Cysteine and methionine metabolism
R04945	Athe_1124 or Athe_1190	peg.1606 or peg.1675	WP_015907625.1 or WP_015907685.1	-
R00999	Athe_1124 or Athe_1190	peg.1606 or peg.1675	WP_015907625.1 or WP_015907685.1	Cysteine and methionine metabolism
R03260	Athe_1124 or Athe_1190	peg.1606 or peg.1675	WP_015907625.1 or WP_015907685.1	Cysteine and methionine metabolism
R04946	Athe_1124 or Athe_1190	peg.1606 or peg.1675	WP_015907625.1 or WP_015907685.1	Selenocompound metabolism
R04944	Athe_1124 or Athe_1190	peg.1606 or peg.1675	WP_015907625.1 or WP_015907685.1	Selenocompound metabolism
R01288	Athe_1124 or Athe_1190	peg.1606 or peg.1675	WP_015907625.1 or WP_015907685.1	Cysteine and methionine metabolism
R01287	Athe_1124 or Athe_1190	peg.1606 or peg.1675	WP_015907625.1 or WP_015907685.1	Cysteine and methionine metabolism
R00651	Athe_1124 or Athe_1190	peg.1606 or peg.1675	WP_015907625.1 or WP_015907685.1	-
R00660	Athe_0630 or Athe_0207 or Athe_0779	peg.1071 or peg.605 or peg.1238	WP_015907205.1 or WP_015906828.1 or WP_015907332.1	Amino sugar and nucleotide sugar metabolism
R00355	Athe_1128 and Athe_1414	peg.1610 and peg.1906	WP_015907629.1 and WP_015907879.1	Arginine biosynthesis
R00896	Athe_1128 and Athe_1414	peg.1610 and peg.1906	WP_015907629.1 and WP_015907879.1	Cysteine and methionine metabolism
R02433	Athe_1128 and Athe_1414	peg.1610 and peg.1906	WP_015907629.1 and WP_015907879.1	Cysteine and methionine metabolism
R02619	Athe_1128 and Athe_1414	peg.1610 and peg.1906	WP_015907629.1 and WP_015907879.1	Cysteine and methionine metabolism
R05052	Athe_1128 and Athe_1414	peg.1610 and peg.1906	WP_015907629.1 and WP_015907879.1	Arginine and proline metabolism
R00895	Athe_1128 and Athe_1414	peg.1610 and peg.1906	WP_015907629.1 and WP_015907879.1	Cysteine and methionine metabolism
R02283	Athe_1837	peg.2349	WP_015908225.1	Arginine biosynthesis
R00768	Athe_2323	peg.2898	WP_015908648.1	Alanine, aspartate and glutamate metabolism
R02199	Athe_0664	peg.1109	WP_015907234.1	Valine, leucine and isoleucine degradation
R10991	Athe_0664	peg.1109	WP_015907234.1	Cysteine and methionine metabolism
R10845	Athe_0846	peg.1306	WP_015907389.1	-
R01731	Athe_0846	peg.1306	WP_015907389.1	Phenylalanine, tyrosine and tryptophan biosynthesis
R01214	Athe_0664	peg.1109	WP_015907234.1	Valine, leucine and isoleucine degradation
R01090	Athe_0664	peg.1109	WP_015907234.1	Valine, leucine and isoleucine degradation
R07613	Athe_0546	peg.977	WP_015907128.1	Lysine biosynthesis
R00104	Athe_1333	peg.1821	WP_015907805.1	Nicotinate and nicotinamide metabolism
R00130	Athe_1440	peg.1932	WP_015907901.1	Pantothenate and CoA biosynthesis
R00549	Athe_1055	peg.1536	WP_015907568.1	Riboflavin metabolism
R00847	Athe_1997	peg.2526	WP_015908368.1	Glycerolipid metabolism
R03018	Athe_0544	peg.975	WP_015907127.1	Pantothenate and CoA biosynthesis
R04391	Athe_0544	peg.975	WP_015907127.1	Pantothenate and CoA biosynthesis
R02971	Athe_0544	peg.975	WP_015907127.1	Pantothenate and CoA biosynthesis
R01771	Athe_1960	peg.2479	WP_015908335.1	Glycine, serine and threonine metabolism
R00968	Athe_0531	peg.962	WP_015907115.1	Pyrimidine metabolism
R00517	Athe_0531	peg.962	WP_015907115.1	Pyrimidine metabolism
R00967	Athe_0531	peg.962	WP_015907115.1	Pyrimidine metabolism
R00516	Athe_0531	peg.962	WP_015907115.1	Pyrimidine metabolism
R00970	Athe_0531	peg.962	WP_015907115.1	Pyrimidine metabolism
R00962	Athe_0531	peg.962	WP_015907115.1	Pyrimidine metabolism
R01549	Athe_0531	peg.962	WP_015907115.1	Pyrimidine metabolism
R01548	Athe_0531	peg.962	WP_015907115.1	Pyrimidine metabolism
R01880	Athe_0531	peg.962	WP_015907115.1	Pyrimidine metabolism
R02091	Athe_0531	peg.962	WP_015907115.1	Pyrimidine metabolism
R02327	Athe_0531	peg.962	WP_015907115.1	Pyrimidine metabolism
R02371	Athe_0531	peg.962	WP_015907115.1	Pyrimidine metabolism
R02097	Athe_0531	peg.962	WP_015907115.1	Pyrimidine metabolism
R02096	Athe_0531	peg.962	WP_015907115.1	Pyrimidine metabolism
R02332	Athe_0531	peg.962	WP_015907115.1	Pyrimidine metabolism
R02372	Athe_0531	peg.962	WP_015907115.1	Pyrimidine metabolism
R08232	Athe_0531	peg.962	WP_015907115.1	Drug metabolism - other enzymes
R00964	Athe_0531	peg.962	WP_015907115.1	Pyrimidine metabolism
R00513	Athe_0531	peg.962	WP_015907115.1	Pyrimidine metabolism
R03471	Athe_0381	peg.796	WP_015906980.1	Thiamine metabolism
R02412	Athe_1700	peg.2209	WP_015908124.1	Phenylalanine, tyrosine and tryptophan biosynthesis
R00239	Athe_1645	peg.2154	WP_015908072.1	Arginine and proline metabolism
R00480	Athe_1961	peg.2480	WP_015908336.1	Glycine, serine and threonine metabolism
R00512	Athe_1325	peg.1813	WP_015907797.1	Pyrimidine metabolism
R01665	Athe_1325	peg.1813	WP_015907797.1	Pyrimidine metabolism
R00127	Athe_1725	peg.2234	WP_013429981.1	Purine metabolism
R11319	Athe_1725	peg.2234	WP_013429981.1	Thiamine metabolism
R01547	Athe_1725	peg.2234	WP_013429981.1	Purine metabolism
R00158	Athe_1814	peg.2326	WP_015908204.1	Pyrimidine metabolism
R02098	Athe_0512	Athe_0512	NA	Pyrimidine metabolism
R00124	gap	gap	NA	Purine metabolism
R00156	gap	gap	NA	Pyrimidine metabolism
R00330	gap	gap	NA	Purine metabolism
R00722	gap	gap	NA	Purine metabolism
R00570	gap	gap	NA	Pyrimidine metabolism
R01137	gap	gap	NA	Purine metabolism
R01857	gap	gap	NA	Purine metabolism
R02093	gap	gap	NA	Pyrimidine metabolism
R02326	gap	gap	NA	Pyrimidine metabolism
R03530	gap	gap	NA	Purine metabolism
R02331	gap	gap	NA	Pyrimidine metabolism
R00139	gap	gap	NA	Pyrimidine metabolism
R04509	Athe_0381	peg.796	WP_015906980.1	Thiamine metabolism
R00332	Athe_1035	peg.1516	WP_015907549.1	Purine metabolism
R02090	Athe_1035	peg.1516	WP_015907549.1	Purine metabolism
R02094	Athe_0512	Athe_0512	NA	Pyrimidine metabolism
R01049	Athe_0636	peg.1077	WP_013403879.1	Pentose phosphate pathway
R00619	Athe_1805	peg.2317	WP_015908196.1	Thiamine metabolism
R03503	Athe_0212	peg.610	WP_015906833.1	Folate biosynthesis
R00429	Athe_1951	peg.2470	WP_041727173.1	Purine metabolism
R00137	Athe_1250	peg.1737	WP_015907740.1	Nicotinate and nicotinamide metabolism
R03005	Athe_1250	peg.1737	WP_015907740.1	Nicotinate and nicotinamide metabolism
R00161	Athe_1055	peg.1536	WP_015907568.1	Riboflavin metabolism
R00416	Athe_0635	peg.1076	WP_015907209.1	Amino sugar and nucleotide sugar metabolism
R03035	Athe_1227	peg.1714	WP_015907719.1	Pantothenate and CoA biosynthesis
R00529	Athe_1193 and Athe_1194	peg.1678 and peg.1679	WP_015907687.1 and WP_015907688.1	Purine metabolism
R04929	Athe_1193 and Athe_1194	peg.1678 and peg.1679	WP_015907687.1 and WP_015907688.1	Selenocompound metabolism
R11581	Athe_1216	peg.1703	WP_015907708.1	Folate biosynthesis
R00289	Athe_1151	peg.1634	WP_015907650.1	Pentose and glucuronate interconversions
R05629	Athe_0775	peg.1234	WP_015907328.1	Peptidoglycan biosynthesis
R05630	Athe_0775	peg.1234	WP_015907328.1	Peptidoglycan biosynthesis
R04620	Athe_2754	peg.359	WP_015909045.1	Folate biosynthesis
R01010	Athe_2754	peg.359	WP_015909045.1	-
R02135	Athe_1046 or Athe_2754	peg.1527 or peg.359	WP_015907559.1 or WP_015909045.1	Thiamine metabolism
R03024	Athe_2754	peg.359	WP_015909045.1	Aminobenzoate degradation
R07280	gap	gap	NA	Riboflavin metabolism
R03013	Athe_1711	peg.2220	WP_015908134.1	Histidine metabolism
R02853	Athe_1322	peg.1810	WP_015907794.1	-
R01856	Athe_0711	peg.1165	WP_015907267.1	Purine metabolism
R04936	Athe_0883	peg.1346	WP_079504052.1	-
R02734	Athe_0431	peg.851	WP_015907027.1	Lysine biosynthesis
R01579	Athe_1450	peg.1942	WP_015907910.1	D-Glutamine and D-glutamate metabolism
R02322	Athe_0985	peg.1464	WP_015907503.1	Nicotinate and nicotinamide metabolism
R02733	Athe_1911	peg.2427	WP_015908292.1	Lysine biosynthesis
R01993	Athe_1376	peg.1866	WP_015907845.1	Pyrimidine metabolism
R01157	Athe_1315	peg.1803	WP_013430350.1	Arginine and proline metabolism
R01663	Athe_0634	peg.1075	WP_015907208.1	Pyrimidine metabolism
R00193	Athe_0884	peg.1347	WP_015907420.1	-
R09660	Athe_0884	peg.1347	WP_015907420.1	Cysteine and methionine metabolism
R01878	Athe_1777	peg.2288	WP_015908172.1	Pyrimidine metabolism
R02485	Athe_1777	peg.2288	WP_015908172.1	Pyrimidine metabolism
R08221	Athe_1777	peg.2288	WP_015908172.1	Drug metabolism - other enzymes
R01655	Athe_0982	peg.1461	WP_015907501.1	One carbon pool by folate
R01054	Athe_1342	peg.1830	WP_015907813.1	Purine metabolism
R02100	Athe_1418	peg.1910	WP_015907881.1	Pyrimidine metabolism
R05627	Athe_1834	peg.2346	WP_015908222.1	Peptidoglycan biosynthesis
R02720	Athe_0838	peg.1298	WP_015907381.1	Purine metabolism
R03531	Athe_0838	peg.1298	WP_015907381.1	Purine metabolism
R00489	Athe_1979	peg.2501	WP_015908351.1	beta-Alanine metabolism
R00566	Athe_2050	peg.2596	WP_015908407.1	Arginine and proline metabolism
R00451	Athe_0790	peg.1249	WP_015907340.1	Lysine biosynthesis
R00965	Athe_1377	peg.1867	WP_015907846.1	Pyrimidine metabolism
R03269	Athe_1037	peg.1518	WP_015907550.1	Pantothenate and CoA biosynthesis
R03508	Athe_1693	peg.2202	WP_015908117.1	Phenylalanine, tyrosine and tryptophan biosynthesis
R00178	Athe_2122	peg.2677	WP_011916845.1	Cysteine and methionine metabolism
R01066	Athe_1774	peg.2285	WP_041727165.1	Pentose phosphate pathway
R00985	Athe_1695 and Athe_1696	peg.2204 and peg.2205	WP_015908119.1 and WP_015908120.1	Phenylalanine, tyrosine and tryptophan biosynthesis
R00986	Athe_1695 and Athe_1696	peg.2204 and peg.2205	WP_015908119.1 and WP_015908120.1	Phenylalanine, tyrosine and tryptophan biosynthesis
R03084	Athe_1698	peg.2207	WP_015908122.1	Phenylalanine, tyrosine and tryptophan biosynthesis
R03968	Athe_2100 and Athe_2101	peg.2651 and peg.2652	WP_015908449.1 and WP_015908450.1	Valine, leucine and isoleucine biosynthesis
R10170	Athe_2100 and Athe_2101	peg.2651 and peg.2652	WP_015908449.1 and WP_015908450.1	2-Oxocarboxylic acid metabolism
R04001	Athe_2100 and Athe_2101	peg.2651 and peg.2652	WP_015908449.1 and WP_015908450.1	Valine, leucine and isoleucine biosynthesis
R03898	Athe_2100 and Athe_2101	peg.2651 and peg.2652	WP_015908449.1 and WP_015908450.1	Valine, leucine and isoleucine biosynthesis
R03896	Athe_2100 and Athe_2101	peg.2651 and peg.2652	WP_015908449.1 and WP_015908450.1	Valine, leucine and isoleucine biosynthesis
R01373	Athe_0878	peg.1341	WP_015907414.1	Phenylalanine, tyrosine and tryptophan biosynthesis
R00691	Athe_0878	peg.1341	WP_015907414.1	Phenylalanine, tyrosine and tryptophan biosynthesis
R01209	Athe_0665	peg.1110	WP_015907235.1	Pantothenate and CoA biosynthesis
R04441	Athe_0665	peg.1110	WP_015907235.1	Valine, leucine and isoleucine biosynthesis
R05070	Athe_0665	peg.1110	WP_015907235.1	Valine, leucine and isoleucine biosynthesis
R01714	Athe_1279	peg.1766	WP_015907763.1	Phenylalanine, tyrosine and tryptophan biosynthesis
R00490	Athe_0474	peg.895	WP_015907069.1	Alanine, aspartate and glutamate metabolism
R01083	Athe_1129	peg.1611	WP_015907630.1	Purine metabolism
R04559	Athe_1129	peg.1611	WP_015907630.1	Purine metabolism
R10147	Athe_1134	peg.1617	WP_015907634.1	Monobactam biosynthesis
R02735	Athe_2115	peg.2670	WP_015908463.1	Lysine biosynthesis
R04420	Athe_1360	peg.1849	WP_015907830.1	Cysteine and methionine metabolism
R03509	Athe_1692	peg.2201	WP_015908116.1	Phenylalanine, tyrosine and tryptophan biosynthesis
R07405	Athe_1178	peg.1663	WP_015907673.1	Purine metabolism
R01715	Athe_1324	peg.1812	WP_015907796.1	Phenylalanine, tyrosine and tryptophan biosynthesis
R00253	Athe_0643	peg.1084	WP_015907216.1	Arginine biosynthesis
R00189	Athe_0223	peg.621	WP_015906844.1	Nicotinate and nicotinamide metabolism
R02473	Athe_1980	peg.2502	WP_015908352.1	beta-Alanine metabolism
R04617	Athe_0774	peg.1233	WP_015907327.1	Lysine biosynthesis
R04573	Athe_0774	peg.1233	WP_015907327.1	Peptidoglycan biosynthesis
R01654	Athe_1490	peg.1983	WP_049760254.1	-
R02237	Athe_1490	peg.1983	WP_049760254.1	Folate biosynthesis
R02788	Athe_0773	peg.1232	WP_079504010.1	Lysine biosynthesis
R00942	Athe_1490	peg.1983	WP_049760254.1	Folate biosynthesis
R01150	Athe_2039	peg.2585	WP_015908400.1	D-Alanine metabolism
R04230	Athe_1037	peg.1518	WP_015907550.1	Pantothenate and CoA biosynthesis
R04231	Athe_1037	peg.1518	WP_015907550.1	Pantothenate and CoA biosynthesis
R04591	Athe_1452	peg.1944	WP_015907911.1	Purine metabolism
R03193	Athe_2401	peg.2983	WP_015908719.1	D-Glutamine and D-glutamate metabolism
R02783	Athe_0776	peg.1235	WP_015907329.1	D-Glutamine and D-glutamate metabolism
R04208	Athe_1447	peg.1939	WP_015907907.1	Purine metabolism
R02301	Athe_1260	peg.1747	WP_041727136.1	One carbon pool by folate
R04144	Athe_1444	peg.1936	WP_015907904.1	Purine metabolism
R07404	Athe_1177	peg.1662	WP_015907672.1	Purine metabolism
R00571	Athe_0078	peg.462	WP_015906719.1	Pyrimidine metabolism
R00573	Athe_0078	peg.462	WP_015906719.1	Pyrimidine metabolism
R09978	Athe_0191	peg.588	WP_015906813.1	Folate biosynthesis
R00943	Athe_2208	peg.2770	WP_015908543.1	One carbon pool by folate
R01135	Athe_0046	peg.426	WP_012660718.1	Purine metabolism
R00257	Athe_0223	peg.621	WP_015906844.1	Nicotinate and nicotinamide metabolism
R01230	Athe_1432	peg.1924	WP_015907894.1	Purine metabolism
R01231	Athe_1432	peg.1924	WP_015907894.1	Purine metabolism
R08244	Athe_1432	peg.1924	WP_015907894.1	Drug metabolism - other enzymes
R04463	Athe_1449 and Athe_1450 and Athe_1451	peg.1941 and peg.1942 and peg.1943	WP_015907909.1 and WP_015907910.1 and WP_013430231.1	Purine metabolism
R00014	(Athe_0502 or Athe_0666) and Athe_0503	(peg.933 or peg.1111) and peg.934	(WP_015907090.1 or WP_015907236.1) and WP_015907091.1	Glycolysis / Gluconeogenesis
R02413	Athe_1889	peg.2405	WP_015908271.1	Phenylalanine, tyrosine and tryptophan biosynthesis
R05553	Athe_2216	peg.2778	WP_015908551.1	Folate biosynthesis
R01775	Athe_1959	peg.2478	WP_015908334.1	Glycine, serine and threonine metabolism
R03192	Athe_0319	peg.730	WP_015906924.1	Amino sugar and nucleotide sugar metabolism
R04199	Athe_1133	peg.1616	WP_015907633.1	Monobactam biosynthesis
R04439	Athe_0504	peg.935	WP_013431057.1	-
R00248	Athe_2034 or Athe_2360	peg.2580 or peg.2936	WP_088217574.1 or WP_013402129.1	Arginine biosynthesis
R00939	Athe_0219	peg.617	WP_015906840.1	One carbon pool by folate
R01251	Athe_1339	peg.1827	WP_015907810.1	Arginine and proline metabolism
R00842	Athe_0930	peg.1400	WP_015907458.1	Glycerophospholipid metabolism
R00732	Athe_0844	peg.1304	WP_015907387.1	Phenylalanine, tyrosine and tryptophan biosynthesis
R01773	Athe_1959	peg.2478	WP_015908334.1	Glycine, serine and threonine metabolism
R03191	Athe_0319	peg.730	WP_015906924.1	Amino sugar and nucleotide sugar metabolism
R04198	Athe_1133	peg.1616	WP_015907633.1	Monobactam biosynthesis
R00936	Athe_0219	peg.617	WP_015906840.1	One carbon pool by folate
R01248	Athe_1339	peg.1827	WP_015907810.1	Arginine and proline metabolism
R00006	(Athe_0502 or Athe_0666) and Athe_0503	(peg.933 or peg.1111) and peg.934	(WP_015907090.1 or WP_015907236.1) and WP_015907091.1	Pantothenate and CoA biosynthesis
R00226	Athe_0502 or Athe_0666	peg.933 or peg.1111	WP_015907090.1 or WP_015907236.1	Valine, leucine and isoleucine biosynthesis	The small subunit (Athe_0503) hasn't been found to play any role in acetoin production so far (by Tania)
R08648	(Athe_0502 or Athe_0666) and Athe_0503	(peg.933 or peg.1111) and peg.934	(WP_015907090.1 or WP_015907236.1) and WP_015907091.1	Valine, leucine and isoleucine biosynthesis
R03050	(Athe_0502 or Athe_0666) and Athe_0503	(peg.933 or peg.1111) and peg.934	(WP_015907090.1 or WP_015907236.1) and WP_015907091.1	-
R04672	(Athe_0502 or Athe_0666) and Athe_0503	(peg.933 or peg.1111) and peg.934	(WP_015907090.1 or WP_015907236.1) and WP_015907091.1	-
R04673	(Athe_0502 or Athe_0666) and Athe_0503	(peg.933 or peg.1111) and peg.934	(WP_015907090.1 or WP_015907236.1) and WP_015907091.1	-
R02340	Athe_1690	peg.2199	WP_015908114.1	Phenylalanine, tyrosine and tryptophan biosynthesis
R00424	Athe_0441	peg.861	WP_015907036.1	-
R08368	Athe_1772	peg.2283	WP_015908167.1	-
R10244	Athe_1772	peg.2283	WP_015908167.1	-
R00481_zws	Athe_1213	peg.1700	WP_015907705.1	Nicotinate and nicotinamide metabolism
R01057	Athe_1773	peg.2284	WP_015908168.1	Pentose phosphate pathway
R02749	Athe_1773	peg.2284	WP_015908168.1	Pentose phosphate pathway
R01226	Athe_1981	peg.2503	WP_015908353.1	Pantothenate and CoA biosynthesis
R01826	Athe_0845	peg.1305	WP_015907388.1	Phenylalanine, tyrosine and tryptophan biosynthesis
R00192	Athe_0883	peg.1346	WP_079504052.1	Cysteine and methionine metabolism
R03083	Athe_1350	peg.1838	WP_015907820.1	Phenylalanine, tyrosine and tryptophan biosynthesis
R00674	Athe_1691 or Athe_0031	peg.2200 or peg.411	WP_015908115.1 or WP_012660703.1	Phenylalanine, tyrosine and tryptophan biosynthesis
R01210	Athe_0702 and Athe_0703 and Athe_0704	peg.1156 and peg.1157 and peg.1158	WP_015907259.1 and WP_015907260.1 and WP_015907261.1	Valine, leucine and isoleucine degradation
R01651	Athe_0702 and Athe_0703 and Athe_0704	peg.1156 and peg.1157 and peg.1158	WP_015907259.1 and WP_015907260.1 and WP_015907261.1	Valine, leucine and isoleucine degradation
R03171	Athe_0702 and Athe_0703 and Athe_0704	peg.1156 and peg.1157 and peg.1158	WP_015907259.1 and WP_015907260.1 and WP_015907261.1	Valine, leucine and isoleucine degradation
R09959	Athe_0440	peg.860	WP_015907035.1	Folate biosynthesis
R02722	Athe_1690 and (Athe_1691 or Athe_0031)	peg.2199 and (peg.2200 or peg.411)	WP_015908114.1 and (WP_015908115.1 or WP_012660703.1)	Glycine, serine and threonine metabolism
R00414	Athe_1946	peg.2465	WP_015908323.1	Amino sugar and nucleotide sugar metabolism
R00420	Athe_1946	peg.2465	WP_015908323.1	Amino sugar and nucleotide sugar metabolism
R02707	Athe_1946	peg.2465	WP_015908323.1	-
R04771	Athe_0686	peg.1139	WP_013430869.1	-
R00177	Athe_0686	peg.1139	WP_013430869.1	Cysteine and methionine metabolism
R01859	Athe_1316	peg.1804	WP_013430349.1	Valine, leucine and isoleucine degradation
R08924	Athe_1316	peg.1804	WP_013430349.1	-
R04292	Athe_1212	peg.1699	WP_015907704.1	Nicotinate and nicotinamide metabolism
R10002	Athe_0196	peg.593	WP_015906818.1	Folate biosynthesis
R00483	Athe_1539	peg.2034	WP_015907984.1	Alanine, aspartate and glutamate metabolism
R05680	Athe_0802	peg.1261	WP_015907352.1	Glycerophospholipid metabolism
R00357	Athe_1213	peg.1700	WP_015907705.1	Alanine, aspartate and glutamate metabolism
R00582	Athe_1322	peg.1810	WP_015907794.1	Glycine, serine and threonine metabolism
R05679	Athe_0802	peg.1261	WP_015907352.1	Glycerophospholipid metabolism
R04426	Athe_2099	peg.2650	WP_015908448.1	Valine, leucine and isoleucine biosynthesis
R00428	Athe_0441	peg.861	WP_015907036.1	Folate biosynthesis
R04639	Athe_0441	peg.861	WP_015907036.1	Folate biosynthesis
R05046	Athe_0441	peg.861	WP_015907036.1	Folate biosynthesis
R05048	Athe_0441	peg.861	WP_015907036.1	Folate biosynthesis
R01716	Athe_2217 and Athe_2218	peg.2779 and peg.2780	WP_015908552.1 and WP_015908553.1	Folate biosynthesis
R00114	Athe_2034 or Athe_2360	peg.2580 or peg.2936	WP_088217574.1 or WP_013402129.1	Alanine, aspartate and glutamate metabolism
R00578	Athe_1539	peg.2034	WP_015907984.1	Alanine, aspartate and glutamate metabolism
R00937	Athe_0219	peg.617	WP_015906840.1	One carbon pool by folate
R00940	Athe_0219	peg.617	WP_015906840.1	One carbon pool by folate
R00742	Athe_1316	peg.1804	WP_013430349.1	Fatty acid biosynthesis
R10052	Athe_2099	peg.2650	WP_015908448.1	2-Oxocarboxylic acid metabolism
KAS2	Athe_1154 and Athe_1156 and Athe_2047 and Athe_0213 and Athe_1158 and Athe_1157 and Athe_1152	peg.1637 and peg.1639 and peg.2593 and peg.611 and peg.1641 and peg.1640 and peg.1635	WP_015907653.1 and WP_015907655.1 and WP_013429653.1 and WP_015906834.1 and WP_015907656.1 and WP_013290663.1 and WP_015907651.1	Fatty acid biosynthesis
KAS3	Athe_1154 and Athe_1156 and Athe_2047 and Athe_0213 and Athe_1158 and Athe_1157 and Athe_1152	peg.1637 and peg.1639 and peg.2593 and peg.611 and peg.1641 and peg.1640 and peg.1635	WP_015907653.1 and WP_015907655.1 and WP_013429653.1 and WP_015906834.1 and WP_015907656.1 and WP_013290663.1 and WP_015907651.1	Fatty acid biosynthesis
KAS6	Athe_1154 and Athe_1156 and Athe_2047 and Athe_0213 and Athe_1158 and Athe_1157 and Athe_1152	peg.1637 and peg.1639 and peg.2593 and peg.611 and peg.1641 and peg.1640 and peg.1635	WP_015907653.1 and WP_015907655.1 and WP_013429653.1 and WP_015906834.1 and WP_015907656.1 and WP_013290663.1 and WP_015907651.1	Fatty acid biosynthesis
KAS8	Athe_1154 and Athe_1156 and Athe_2047 and Athe_0213 and Athe_1158 and Athe_1157 and Athe_1152	peg.1637 and peg.1639 and peg.2593 and peg.611 and peg.1641 and peg.1640 and peg.1635	WP_015907653.1 and WP_015907655.1 and WP_013429653.1 and WP_015906834.1 and WP_015907656.1 and WP_013290663.1 and WP_015907651.1	Fatty acid biosynthesis
KAS11	Athe_1154 and Athe_1156 and Athe_2047 and Athe_0213 and Athe_1158 and Athe_1157 and Athe_1152	peg.1637 and peg.1639 and peg.2593 and peg.611 and peg.1641 and peg.1640 and peg.1635	WP_015907653.1 and WP_015907655.1 and WP_013429653.1 and WP_015906834.1 and WP_015907656.1 and WP_013290663.1 and WP_015907651.1	Fatty acid biosynthesis
KAS12	Athe_1154 and Athe_1156 and Athe_2047 and Athe_0213 and Athe_1158 and Athe_1157 and Athe_1152	peg.1637 and peg.1639 and peg.2593 and peg.611 and peg.1641 and peg.1640 and peg.1635	WP_015907653.1 and WP_015907655.1 and WP_013429653.1 and WP_015906834.1 and WP_015907656.1 and WP_013290663.1 and WP_015907651.1	Fatty acid biosynthesis
KAS13	Athe_1154 and Athe_1156 and Athe_2047 and Athe_0213 and Athe_1158 and Athe_1157 and Athe_1152	peg.1637 and peg.1639 and peg.2593 and peg.611 and peg.1641 and peg.1640 and peg.1635	WP_015907653.1 and WP_015907655.1 and WP_013429653.1 and WP_015906834.1 and WP_015907656.1 and WP_013290663.1 and WP_015907651.1	Fatty acid biosynthesis
KAS17_1	Athe_1154 and Athe_1156 and Athe_2047 and Athe_0213 and Athe_1158 and Athe_1157 and Athe_1152	peg.1637 and peg.1639 and peg.2593 and peg.611 and peg.1641 and peg.1640 and peg.1635	WP_015907653.1 and WP_015907655.1 and WP_013429653.1 and WP_015906834.1 and WP_015907656.1 and WP_013290663.1 and WP_015907651.1	Fatty acid biosynthesis
KAS17_2	Athe_1154 and Athe_1156 and Athe_2047 and Athe_0213 and Athe_1158 and Athe_1157 and Athe_1152	peg.1637 and peg.1639 and peg.2593 and peg.611 and peg.1641 and peg.1640 and peg.1635	WP_015907653.1 and WP_015907655.1 and WP_013429653.1 and WP_015906834.1 and WP_015907656.1 and WP_013290663.1 and WP_015907651.1	Fatty acid biosynthesis
KAS1OH3	Athe_1154 and Athe_1156 and Athe_2047 and Athe_0213 and Athe_1158 and Athe_1157 and Athe_1152	peg.1637 and peg.1639 and peg.2593 and peg.611 and peg.1641 and peg.1640 and peg.1635	WP_015907653.1 and WP_015907655.1 and WP_013429653.1 and WP_015906834.1 and WP_015907656.1 and WP_013290663.1 and WP_015907651.1	Fatty acid biosynthesis
THZPSN	(Athe_1547 or Athe_1714) and Athe_0371 and Athe_1546 and Athe_1288 and Athe_0370 and Athe_0369	(peg.2042 or peg.2223) and peg.784 and peg.2041 and peg.1776 and peg.783 and peg.782	(WP_015907992.1 or WP_015908136.1) and WP_015906972.1 and WP_015907991.1 and WP_015907770.1 and WP_015906971.1 and WP_015906970.1	Thiamine biosynthesis
R00431	Athe_0393	peg.808	WP_015906992.1	Glycolysis / Gluconeogenesis
R00726	Athe_0393	peg.808	WP_015906992.1	Glycolysis / Gluconeogenesis
R00258	gap	gap	gap	Alanine, aspartate and glutamate metabolism
R02282	gap	gap     gap	Arginine biosynthesis
NMPK	gap	gap     gap	Others
hco3	Spontaneous	Spontaneous	Spontaneous	Ionization
nh4	Spontaneous	Spontaneous	Spontaneous	Ionization
TP_H2	Spontaneous	Spontaneous	Spontaneous	Transport
TP_CO2	Spontaneous	Spontaneous	Spontaneous	Transport
TP_NH3	Spontaneous	Spontaneous	Spontaneous	Transport
h2ot	Spontaneous	Spontaneous	Spontaneous	Transport
G5SADs	Spontaneous	Spontaneous	Spontaneous	Arginine and proline metabolism
Acetoin-Syn	Spontaneous	Spontaneous	Spontaneous	Pyruvate metabolism		Acetoin is generated from pyruvate by the action of acetolactate synthase and the abiotic decarboxylation of acetolactate to acetoin at high temperatures (above 60 degree).
