C05335	C[Se]CCC(C(=O)O)N
C17467	C1=CC(=CC=C1CO)O
C00148	C1CC(NC1)C(=O)O
C02876	CCC(=O)OP(=O)([O-])[O-]
C00149	C(C(C(=O)[O-])O)C(=O)[O-]
C00944	C1C(C(C(=O)CC1(C(=O)[O-])O)O)O
C04332	CC1(\N=C2(C(/N(C[C@H](O)[C@H](O)[C@H](O)CO)C(/C)=1)=N\C(=O)[N-]C(=O)2))
C14818	[Fe+2]
C00430	C(CC(=O)O)C(=O)CN
C00437	CC(=O)NC(CCCN)C(=O)O
C01024	C1=C(C(=C(N1)CC2=C(C(=C(N2)CC3=C(C(=C(N3)CC4=C(C(=C(N4)CO)CC(=O)[O-])CCC(=O)[O-])CC(=O)[O-])CCC(=O)[O-])CC(=O)[O-])CCC(=O)[O-])CC(=O)[O-])CCC(=O)[O-]
C00826	C1=CC(C=CC1O)(CC(C(=O)[O-])[NH3+])C(=O)[O-]
C00536	[O-]P(=O)([O-])OP(=O)([O-])OP(=O)([O-])[O-]
C00534	CC1=NC=C(C(=C1O)C[NH3+])CO
C12486	B(O)(O)O
C04877	C[C@@H](C(=O)N[C@@H](C(=O)[O-])CCC(=O)N[C@@H](CCC[C@@H]([NH3+])C(=O)[O-])C([O-])=O)NC(=O)[C@@H](C)O[C@H]1([C@H](O)[C@@H](CO)O[C@@H]([C@H](NC(=O)C)1)OP(OP(OC[C@@H]3([C@H]([C@H]([C@H](N2(\C=C/C(=O)NC2=O))O3)O)O))(=O)[O-])(=O)[O-])
C04874	C1C(=NC2=C(N1)N=C(NC2=O)N)C(C(CO)O)O
C01185	C1=CC(=C[N+](=C1)C2C(C(C(O2)COP(=O)([O-])[O-])O)O)C(=O)[O-]
C05399	C(C1C(C(C(C(O1)OCC(C(C(C(CO)O)O)O)O)O)O)O)O
C00794	C(C(C(C(C(CO)O)O)O)O)O
C01233	C(COP(=O)(O)OCC(CO)O)N
C00224	C1=NC(=C2C(=N1)N(C=N2)C3C(C(C(O3)COP(=O)([O-])OS(=O)(=O)[O-])O)O)N
C01235	C(C1C(C(C(C(O1)OC2C(C(C(C(C2O)O)O)O)O)O)O)O)O
C00385	C1=NC2=C(N1)C(=O)NC(=O)N2
C00387	C1=NC2=C(N1C3C(C(C(O3)CO)O)O)N=C(NC2=O)N
C00380	C1=C(NC(=O)N=C1)N
POS2	CC1OC(O)C(OC2OC(=CC(O)C2O)C([O-])=O)C(O)C1O
C11173	CCC1=C2CN3C(=CC4=C(C3=O)COC(=O)C4(CC)O)C2=NC5=C1C=C(C=C5)O
C14463	CCC(C)(C(=O)C(=O)[O-])O
C01330	[Na+]
C00542	C(CSCC(C(=O)O)N)C(C(=O)O)N
C11537	C(C(C(=O)[O-])O)S(=O)(=O)[O-]
C05839	C1=CC=C(C(=C1)C=CC(=O)[O-])OC2C(C(C(C(O2)CO)O)O)O
C02291	C(CSCC(C(=O)O)N)C(C(=O)O)N
C00364	CC1=CN(C(=O)NC1=O)C2CC(C(O2)COP(=O)([O-])[O-])O
C00365	C1C(C(OC1N2C=CC(=O)NC2=O)COP(=O)([O-])[O-])O
C00362	C1C(C(OC1N2C=NC3=C2N=C(NC3=O)N)COP(=O)([O-])[O-])O
C00363	CC1=CN(C(=O)NC1=O)C2CC(C(O2)COP(=O)([O-])OP(=O)([O-])[O-])O
C00360	C1C(C(OC1N2C=NC3=C(N=CN=C32)N)COP(=O)([O-])[O-])O
C00008	C1=NC(=C2C(=N1)N(C=N2)C3C(C(C(O3)COP(=O)([O-])OP(=O)([O-])[O-])O)O)N
C00006	C1=CC(=C[N+](=C1)C2C(C(C(O2)COP(=O)([O-])OP(=O)([O-])OCC3C(C(C(O3)N4C=NC5=C(N=CN=C54)N)OP(=O)([O-])[O-])O)O)O)C(=O)N
C00005	C1C=CN(C=C1C(=O)N)C2C(C(C(O2)COP(=O)([O-])OP(=O)([O-])OCC3C(C(C(O3)N4C=NC5=C(N=CN=C54)N)OP(=O)([O-])[O-])O)O)O
C00004	C1C=CN(C=C1C(=O)N)C2C(C(C(O2)COP(=O)([O-])OP(=O)([O-])OCC3C(C(C(O3)N4C=NC5=C(N=CN=C54)N)O)O)O)O
C00003	C1=CC(=C[N+](=C1)C2C(C(C(O2)COP(=O)([O-])OP(=O)([O-])OCC3C(C(C(O3)N4C=NC5=C(N=CN=C54)N)O)O)O)O)C(=O)N
C00002	C1=NC(=C2C(=N1)N(C=N2)C3C(C(C(O3)COP(=O)([O-])OP(=O)([O-])OP(=O)([O-])[O-])O)O)N
C00001	O
C05702	[NH3+]C(CCOP(=O)([O-])[O-])C(=O)[O-]
C06232	[O-][Mo](=O)(=O)[O-]
C16618	O=c1[nH]c(=S)c2ncn([C@@H]3O[C@H](COP(=O)([O-])[O-])[C@@H](O)[C@H]3O)c2[nH]1
C02612	CC(CC(=O)[O-])(C(=O)[O-])O
C03741	C(CC(=O)O)C(C=O)N
C16614	CSC1=NC=NC2=C1NC=N2
C03742	C1=CC(=CC=C1C(C#N)O)O
C00645	CC(=O)NC1C(C(C(OC1O)CO)O)O
C00312	C1C(C(C(O1)(CO)O)O)O
C00311	C(C(C(C(=O)[O-])O)C(=O)[O-])C(=O)[O-]
C00310	C1C(C(C(O1)(CO)O)O)O
C00315	C(CC[NH2+]CCC[NH3+])C[NH3+]
C00314	CC1=NC=C(C(=C1O)CO)CO
C04494	C1=NC2=C(N1C3C(C(C(O3)COP(=O)([O-])OP(=O)([O-])OP(=O)([O-])[O-])OP(=O)([O-])OP(=O)(O)[O-])O)N=C(NC2=O)N
C00092	C(C1C(C(C(C(O1)O)O)O)O)OP(=O)([O-])[O-]
C00093	C(C(COP(=O)([O-])[O-])O)O
C00094	OS(=O)[O-]
C00095	C1C(C(C(C(O1)(CO)O)O)O)O
C00096	C1=NC2=C(N1C3C(C(C(O3)COP(=O)([O-])OP(=O)([O-])OC4C(C(C(C(O4)CO)O)O)O)O)O)N=C(NC2=O)N
C00097	C(C(C(=O)O)N)S
C02917	CC(CO)O
C15667	C1=C(N(C=N1)C2C(C(C(O2)COP(=O)([O-])[O-])O)O)NC(=O)[O-]
C00077	C(CC(C(=O)O)N)C[NH3+]
C06196	C1C(C(OC1N2C=NC3=C2N=CNC3=O)COP(=O)([O-])[O-])O
C04732	C(C(C(C(CO)O)O)O)NC1=C(C(=O)NC(=O)N1)N
C04734	C1=NC(=C(N1C2C(C(C(O2)COP(=O)([O-])[O-])O)O)NC=O)C(=O)N
C17207_kz	OCC1OC(OC2C(O)C(O)C(OC3C(O)C(O)C(OC4C(O)C(O)C(O)OC4CO)OC3CO)OC2CO)C(O)C(O)C1O
C00979	CC(=O)OCC(C(=O)O)N
C05778	CC1(C(C2=NC1=CC3=NC(=CC4=C(C(=C(N4)C=C5C(=C(C(=C2)N5)CC(=O)[O-])CCC(=O)[O-])CCC(=O)[O-])CC(=O)[O-])C(C3CCC(=O)[O-])(C)CC(=O)[O-])CCC(=O)[O-])CC(=O)[O-]
C00166	C1=CC=C(C=C1)CC(=O)C(=O)[O-]
C19871	C1=NC2=C(N1C3C(C(C(O3)COP(=O)(O)OP(=O)(O)OCC4C(=C(C5C(O4)NC6=C(N5)C(=O)NC(=N6)N)[S-])[S-])O)O)N=C(NC2=O)N.O=[Mo+2]=O
C00163	CCC(=O)[O-]
C00438	C(C(C(=O)[O-])NC(=O)N)C(=O)[O-]
C03082	C(C(C(=O)[O-])[NH3+])C(=O)OP(=O)([O-])[O-]
C20251	C1(C(C(C(=O)C(C1O)O)O)O)O
C04377	CC1C2C(N(CN2C3=C(N1)N=C(NC3=O)N)C4=CC=C(C=C4)CC(C(C(COC5C(C(C(O5)COP(=O)([O-])OC(CCC(=O)[O-])C(=O)[O-])O)O)O)O)O)C
C04376	C(NC=O)C(=O)N[C@H]1([C@H](O)[C@H](O)[C@@H](COP([O-])(=O)[O-])O1)
C20258	C1C(CC(=NC1C(=O)[O-])C(=O)[O-])O
C00861	CC(C(C(C(=O)CO)O)O)O
C00860	C1=C(NC=N1)CC(CO)[NH3+]
C02962	C(C(C(C(C(C=O)O)O)O)O)OP(=O)([O-])[O-]
C00864	CC(C)(CO)C(C(=O)NCCC(=O)[O-])O
C04272	CC(C)(C(C(=O)[O-])O)O
C04501	CC(=O)NC1C(C(C(OC1OP(=O)([O-])[O-])CO)O)O
C03360	C1(/C=C(\C=C/C(/[N+](=O)[O-])=1)/OP([O-])(=O)[O-])
C01413	[Cd+2]
C04421	C(CC(C(=O)[O-])[NH3+])CC(C(=O)[O-])NC(=O)CCC(=O)[O-]
C08325	C1=CC=C(C=C1)C(C#N)OC2C(C(C(C(O2)COC3C(C(C(C(O3)CO)O)O)O)O)O)O
XGOS-xllg	C1C(C(C(C(O1)OCC2C(C(C(C(O2)OC3C(OC(C(C3O)O)OC4C(OC(C(C4O)O)OC5C(OC(C(C5O)O)O)CO)COC6C(C(C(CO6)O)O)OC7C(C(C(C(O7)CO)O)O)O)COC8C(C(C(CO8)O)O)OC9C(C(C(C(O9)CO)O)O)O)O)O)O)O)O)O
C20559	C1=CC(=CC=C1C2C(C(C(O2)COP(=O)([O-])[O-])O)O)N
C03406	C(CC(C(=O)[O-])[NH3+])C[NH+]=C(N)NC(CC(=O)[O-])C(=O)[O-]
C06697	O[As](O)[O-]
C05512	C1C(C(OC1N2C=NC3=C2N=CNC3=O)CO)O
C04181	CC(C)(O)C(=O)C(=O)[O-]
C07648	C1=NC2=C(N1)C(=S)N=C(N2)N
C07649	C1=C(C(=O)NC(=O)N1)F
C04188	CSC[C@H]1(O[C@H](OP([O-])(=O)[O-])[C@@H]([C@@H]1O)O)
C00327	C(CC(C(=O)O)N)CNC(=O)N
C00692	CC(C(=O)NC(CCC(=O)[O-])C(=O)[O-])NC(=O)C(C)OC1C(C(OC(C1O)CO)OP(=O)([O-])OP(=O)([O-])OCC2C(C(C(O2)N3C=CC(=O)NC3=O)O)O)NC(=O)C
C00691	C1(C(C(C(=O)C(C1O)O)O)O)O
C02463	CC1(C(C2=CC3=C(C(=C(N3)CC4=C(C(=C(N4)C=C5C(C(C(=N5)C=C1[NH2+]2)CCC(=O)[O-])(C)CC(=O)[O-])CC(=O)[O-])CCC(=O)[O-])CCC(=O)[O-])CC(=O)[O-])CCC(=O)[O-])CC(=O)[O-]
XOS2	OC1COC(OC2C(O)COC(OC3C(O)COC(OC4C(O)COC(O)C4OC4OC(C(O)C(O)C4O)C([O-])=O)C3O)C2O)C(O)C1O
C00698	[Cl-]
C18096	C(C(C(C(C(=O)CO)O)O)O)OP(=O)([O-])[O-]
C00507	CC1C(C(C(C(O1)O)O)O)O
C00504	C1=CC(=CC=C1C(=O)NC(CCC(=O)[O-])C(=O)[O-])NCC2=CN=C3C(=N2)C(=O)NC(=N3)N
C00263	C(CO)C(C(=O)O)N
C00262	C1=NC2=C(N1)C(=O)NC=N2
C00508	C(C(C(C(=O)CO)O)O)O
C11536	C(C(C(=O)[O-])OP(=O)([O-])[O-])S(=O)(=O)[O-]
C00266	C(C=O)O
C00469	CCO
C00466	CC(C(=O)C)O
C00460	C1C(C(OC1N2C=CC(=O)NC2=O)COP(=O)([O-])OP(=O)([O-])OP(=O)([O-])[O-])O
C00463	C1=CC=C2C(=C1)C=CN2
C03319	CC1C(C(C(C(O1)OP(=O)([O-])OP(=O)([O-])OCC2C(CC(O2)N3C=C(C(=O)NC3=O)C)O)O)O)O
C19710	NC(=[NH2+])NCCCC(NC(=O)CC([NH3+])C(=O)NC(CC([O-])=O)C([O-])=O)C([O-])=O
C19713	C(CC(C(=O)O)NC(=O)CC(C(=O)NC(CC(=O)NC(CCCN=C(N)N)C(=O)O)C(=O)O)N)CN=C(N)N
C00286	C1C(C(OC1N2C=NC3=C2N=C(NC3=O)N)COP(=O)([O-])OP(=O)([O-])OP(=O)([O-])[O-])O
C00283	S
C00282	[HH]
C00320	O=S(=O)([O-])S
C00288	C(=O)(O)[O-]
C05688	C(C(C(=O)O)N)[SeH]
C20679	[O-][W](=O)(=O)[O-]
C00718_kz	OCC1OC(OC2C(O)C(O)C(OC3C(O)C(O)C(OC4C(O)C(O)C(OC5C(O)C(O)C(OC6C(O)C(O)C(OC7C(O)C(O)C(OC8C(O)C(O)C(O)OC8CO)OC7CO)OC6CO)OC5CO)OC4CO)OC3CO)OC2CO)C(O)C(O)C1O
C04691	C(C(C(C(COP(=O)([O-])[O-])O)O)O)C(=O)C(=O)[O-]
C04051	C1=NC(=C(N1)C(=O)N)N
C04053	C(C(C(C=O)O)O)C(=O)C(=O)[O-]
C05947	C(C(C(=O)[O-])[NH3+])C(C(=O)[O-])O
C05946	C(C(C(=O)[O-])O)C(=O)C(=O)[O-]
C02474_kz	OCC1OC(OCC2OC(OCC3OC(OCC4OC(O)C(O)C4OC4OC(CO)C(O)C4O)C(O)C3O)C(O)C2OC2OC(CO)C(O)C2O)C(O)C1O
C03263	CC1=C2CC3=C(C(=C(N3)CC4=C(C(=C(N4)CC5=C(C(=C(N5)CC(=C1CCC(=O)[O-])N2)C)CCC(=O)[O-])C)CCC(=O)[O-])CCC(=O)[O-])C
C00217	C(CC(=O)O)C(C(=O)[O-])N
C00214	CC1=CN(C(=O)NC1=O)C2CC(C(O2)CO)O
C00212	C1=NC2=C(C(=N1)N)N=CN2C3C(C(C(O3)CO)O)O
C00036	C(C(=O)C(=O)[O-])C(=O)[O-]
C00037	C(C(=O)O)N
C00035	C1=NC2=C(N1C3C(C(C(O3)COP(=O)([O-])OP(=O)([O-])[O-])O)O)N=C(NC2=O)N
C00033	CC(=O)[O-]
C00031	C(C1C(C(C(C(O1)O)O)O)O)O
C00137	C1(C(C(C(C(C1O)O)O)O)O)O
C00136	CCCC(=O)SCCNC(=O)CCNC(=O)C(C(C)(C)COP(=O)([O-])OP(=O)([O-])OCC1C(C(C(O1)N2C=NC3=C(N=CN=C32)N)O)OP(=O)([O-])[O-])O
C00135	C1=C(NC=N1)CC(C(=O)O)N
C00134	C(CC[NH3+])C[NH3+]
C00133	CC(C(=O)O)N
C00131	C1C(C(OC1N2C=NC3=C(N=CN=C32)N)COP(=O)([O-])OP(=O)([O-])OP(=O)([O-])[O-])O
C00130	C1=NC2=C(C(=O)N1)N=CN2C3C(C(C(O3)COP(=O)([O-])[O-])O)O
C18026	CCC(C(=O)[O-])C(=O)SCCNC(=O)CCNC(=O)C(C(C)(C)COP(=O)([O-])OP(=O)([O-])OCC1C(C(C(O1)N2C=NC3=C(N=CN=C32)N)O)OP(=O)([O-])[O-])O
C00043	CC(=O)NC1C(C(C(OC1OP(=O)([O-])OP(=O)([O-])OCC2C(C(C(O2)N3C=CC(=O)NC3=O)O)O)CO)O)O
C00042	C(CC(=O)[O-])C(=O)[O-]
C00041	CC(C(=O)O)N
C00047	C([NH3+])CCC[C@H]([NH3+])C([O-])=O
C00044	C1=NC2=C(N1C3C(C(C(O3)COP(=O)([O-])OP(=O)([O-])OP(=O)([O-])[O-])O)O)N=C(NC2=O)N
C00049	C(C(C(=O)[O-])N)C(=O)O
C02492_kz	OCC1OC(OC2C(O)C(O)C(OC3C(O)C(O)C(OC4C(O)C(O)C(OC5C(O)C(O)C(OC6C(O)C(O)C(OC7C(O)C(O)C(OC8C(O)C(O)C(O)OC8CO)OC7CO)OC6CO)OC5CO)OC4CO)OC3CO)OC2CO)C(O)C(O)C1O
C20562	C1C(=NC2=C(N1)N=C(NC2=O)N)CNC3=CC=C(C=C3)C4C(C(C(O4)COP(=O)([O-])[O-])O)O
C04236	CC(C)C(C(=O)C(=O)[O-])C(=O)[O-]
C01101	C(C(C(C(=O)CO)O)O)OP(=O)([O-])[O-]
C01100	C1=C(NC=N1)CC(COP(=O)([O-])[O-])[NH3+]
C01103	C1=C(N(C(=O)NC1=O)C2C(C(C(O2)COP(=O)([O-])[O-])O)O)C(=O)[O-]
C01102	C(COP(=O)([O-])[O-])C(C(=O)[O-])[NH3+]
C05125	Cc1ncc(C[n+]2c(C(C)O)sc(CCOP(=O)([O-])OP(=O)([O-])O)c2C)c(N)n1
C06007	CCC(C)(C(C(=O)[O-])O)O
C06006	CCC(C(=O)C)(C(=O)[O-])O
C00227	CC(=O)OP(=O)([O-])[O-]
C16565	C(CC[NH3+])CC[NH2+]CCC[NH3+]
C04309	C=C(OP(=O)([O-])[O-])C(O)C(=O)[O-]
C00957	C(C(=O)C(=O)[O-])S
C04302	C1=CC=C(C(=C1)C(=O)[O-])NC2C(C(C(O2)COP(=O)([O-])[O-])O)O
C00707_kz	OCC1OC(OC2C(COC(O)C2O)OC2OCC(OC3OCC(OC4OCC(OC5OCC(OC6OCC(OC7OCC(OC8OCC(OC9OCC(OC%10OCC(OC%11OCC(OC%12OCC(O)C(O)C%12O)C(O)C%11O)C(O)C%10O)C(O)C9O)C(O)C8O)C(O)C7O)C(O)C6O)C(O)C5O)C(O)C4O)C(OC4OC(CO)C(O)C4O)C3OC3OC(CO)C(O)C3O)C(O)C2O)C(O)C1O
C00819	C(CC(=O)N)C(C(=O)O)N
C04900	C1=CC(=C(C=C1C2=CC(=O)C3=C(C=C(C=C3O2)OC4C(C(C(C(O4)C(=O)[O-])O)O)OC5C(C(C(C(O5)C(=O)[O-])O)O)O)O)O)OC6C(C(C(C(O6)C(=O)[O-])O)O)O
C00424	CC(C=O)O
C01037	CC(C(CCCCCC(=O)[O-])[NH3+])[NH3+]
C04454	C(C(C(C(COP(=O)([O-])[O-])O)O)O)NC1=C(C(=O)NC(=O)N1)N
C19848	C1=NC(=C2C(=N1)N(C=N2)C3C(C(C(O3)COP(=O)([O-])OP(=O)([O-])OCC4C(=C(C5C(O4)NC6=C(N5)C(=O)NC(=N6)N)S)[S-])O)O)N
C03356	C(OP(=O)([O-])[O-])[C@H]([C@H](C([O-])=O)O)O
C05840	C(C(=N)C(=O)[O-])C(=O)[O-]
C05841	C1=CC(=C[N+](=C1)C2C(C(C(O2)CO)O)O)C(=O)O
C02504	CC(C)[C@@](O)(CC(=O)[O-])C([O-])=O
C19610	[Mn+2]
C03912	C1CC(N=C1)C(=O)[O-]
C11907	CC1C(=O)C(C(C(O1)OP(=O)([O-])OP(=O)([O-])OCC2C(CC(O2)N3C=C(C(=O)NC3=O)C)O)O)O
C06056	C(C(C(C(=O)O)N)O)O
XOS	OC1COC(OC2COC(OC3COC(OC4COC(O)C(O)C4O)C(O)C3O)C(O)C2O)C(O)C1O
C00252	C(C1C(C(C(C(O1)OCC2C(C(C(C(O2)O)O)O)O)O)O)O)O
C00253	C1=CC(=CN=C1)C(=O)[O-]
C00250	CC1=NC=C(C(=C1O)C=O)CO
C00251	C=C(C(=O)[O-])OC1C=C(C=CC1O)C(=O)[O-]
C00257	C(C(C(C(C(C(=O)[O-])O)O)O)O)O
C00254	C1=CC(C=CC1O)(CC(=O)C(=O)[O-])C(=O)[O-]
C00255	CC1=CC2=C(C=C1C)N(C3=NC(=NC(=O)C3=N2)[O-])CC(C(C(CO)O)O)O
C00392	C(C(C(C(C(CO)O)O)O)O)O
C00258	C(C(C(=O)[O-])O)O
C00259	C1C(C(C(C(O1)O)O)O)O
C00396	C1=CN=CN=C1
C04390	CC(=O)N[C@@H](CCC[C@H]([NH3+])C(=O)[O-])C(=O)[O-]
C01081	CC1=C(SC=[N+]1CC2=CN=C(N=C2N)C)CCOP(=O)([O-])[O-]
C01083	C(C1C(C(C(C(O1)OC2C(C(C(C(O2)CO)O)O)O)O)O)O)O
C00559	C1C(C(OC1N2C=NC3=C2N=CN=C3N)CO)O
C00558	C(C(=O)C(C(C(C(=O)[O-])O)O)O)O
C00492	C(C1C(C(C(C(O1)OCC2C(C(C(C(O2)OC3(C(C(C(O3)CO)O)O)CO)O)O)O)O)O)O)O
C00493	C1C(C(C(C=C1C(=O)[O-])O)O)O
C00498	C1=NC(=C2C(=N1)N(C=N2)C3C(C(C(O3)COP(=O)([O-])OP(=O)([O-])OC4C(C(C(C(O4)CO)O)O)O)O)O)N
C00882	CC(C)(COP(=O)([O-])OP(=O)([O-])OCC1C(C(C(O1)N2C=NC3=C(N=CN=C32)N)O)O)C(C(=O)NCCC(=O)NCCS)O
C00881	C1C(C(OC1N2C=CC(=NC2=O)N)CO)O
C00078	C1=CC=C2C(=C1)C(=CN2)CC(C(=O)O)N
C00079	C1=CC=C(C=C1)CC(C(=O)O)N
C00073	CSCCC(C(=O)O)N
C00070	[Cu+2]
C00076	[Ca+2]
C00378	CC1=C(SC=[N+]1CC2=CN=C(N=C2N)C)CCO
C00074	C=C(C(=O)[O-])OP(=O)([O-])[O-]
C00075	C1=CN(C(=O)NC1=O)C2C(C(C(O2)COP(=O)([O-])OP(=O)([O-])OP(=O)([O-])[O-])O)O
C00038	[Zn+2]
C00086	C(=O)(N)N
C00085	C(C(C(C(C(=O)CO)O)O)O)OP(=O)([O-])[O-]
C00084	CC=O
C00083	CC(C)(COP(=O)([O-])OP(=O)([O-])OCC1C(C(C(O1)N2C=NC3=C(N=CN=C32)N)O)OP(=O)([O-])[O-])C(C(=O)NCCC(=O)NCCSC(=O)CC(=O)[O-])O
C00082	C1=CC(=CC=C1CC(C(=O)O)N)O
C00080	[H+]
C04640	C(NC=O)C(N[C@H]1([C@H](O)[C@H](O)[C@@H](COP([O-])(=O)[O-])O1))=[NH2+]
C00089	C(C1C(C(C(C(O1)OC2(C(C(C(O2)CO)O)O)CO)O)O)O)O
C04646	O=P([O-])([O-])OC[C@H]1O[C@@H](n2cnc3c(S)ncnc32)[C@H](O)[C@@H]1O
C00670	C[N+](C)(C)CCOP(=O)(O)OCC(CO)O
C00671	CCC(C)C(=O)C(=O)[O-]
C00672	C1C(C(OC1OP(=O)([O-])[O-])CO)O
C00673	C(C=O)C(C(COP(=O)([O-])[O-])O)O
C01250	CC(=O)NC(CCC=O)C(=O)[O-]
C00106	C1=CNC(=O)NC1=O
C00105	C1=CN(C(=O)NC1=O)C2C(C(C(O2)COP(=O)([O-])[O-])O)O
C00103	C(C1C(C(C(C(O1)OP(=O)([O-])[O-])O)O)O)O
C00100	CCC(=O)SCCNC(=O)CCNC(=O)C(C(C)(C)COP(=O)([O-])OP(=O)([O-])OCC1C(C(C(O1)N2C=NC3=C(N=CN=C32)N)O)OP(=O)([O-])[O-])O
C00101	C1C(NC2=C(N1)N=C(NC2=O)N)CNC3=CC=C(C=C3)C(=O)NC(CCC(=O)[O-])C(=O)[O-]
C15556	CC(=O)[C@H](O)COP(=O)([O-])[O-]
C00108	C1=CC=C(C(=C1)C(=O)[O-])N
C00109	CCC(=O)C(=O)[O-]
C05838	C1=CC=C(C(=C1)C=CC(=O)O)[O-]
C04702	CC(C(=O)NC(CCC(=O)NC(CCCC[NH3+])C(=O)NC(C)C(=O)NC(C)C(=O)[O-])C(=O)[O-])NC(=O)C(C)OC1C(C(OC(C1O)CO)OP(=O)([O-])OP(=O)([O-])OCC2C(C(C(O2)N3C=CC(=O)NC3=O)O)O)NC(=O)C
C15980	CCC(C)C(=O)SCCNC(=O)CCNC(=O)C(C(C)(C)COP(=O)([O-])OP(=O)([O-])OCC1C(C(C(O1)N2C=NC3=C(N=CN=C32)N)O)OP(=O)([O-])[O-])O
C05766	C1C2=C(C(=C(N2)CC3=C(C(=C(N3)CC4=C(C(=C(N4)CC5=C(C(=C1N5)CC(=O)[O-])CCC(=O)[O-])CC(=O)[O-])CCC(=O)[O-])CC(=O)[O-])CCC(=O)[O-])CC(=O)[O-])CCC(=O)[O-]
C00009	[O-]P(=O)(O)[O-]
C03175	C1C(C(C(C=C1C(=O)[O-])OP(=O)([O-])[O-])O)O
C00361	C1C(C(OC1N2C=NC3=C2N=C(NC3=O)N)COP(=O)([O-])OP(=O)([O-])[O-])O
C05768	CC1=C2CC3=C(C(=C(N3)CC4=C(C(=C(N4)CC5=C(C(=C(N5)CC(=C1CCC(=O)[O-])N2)C)CCC(=O)[O-])C)CCC(=O)[O-])C)CCC(=O)[O-]
C02999	CC(=O)N[C@H]1[C@@H](O)O[C@H](CO)[C@@H](O)[C@@H]1O[C@H](C)C(=O)N[C@H](C)C(=O)[O-]
C00170	CSCC1C(C(C(O1)N2C=NC3=C2N=CN=C3N)O)O
C00175	[Co+2]
C00179	C(CC[NH+]=C(N)N)C[NH3+]
C00178	CC1=CNC(=O)NC1=O
C18239	C1(OP([O-])(=O)OC2(C1OC3(C(C(O)(O)2)NC4(\C(=O)NC(/N)=N/C(\N3)=4))))
C20247	CC1=C(SC(=N1)C(=O)[O-])CCOP(=O)([O-])[O-]
C03090	C(OP([O-])(=O)[O-])[C@@H]1([C@@H](O)[C@@H](O)[C@H]([NH3+])O1)
C20248	C1=C(C2=C(N1)N=C(NC2=O)N)C(=O)[O-]
C07086	C1=CC=C(C=C1)CC(=O)[O-]
C21336	C(C1C(C(C(C(O1)O)OC2C(C(C(C(O2)CO)O)O)O)O)O)O
C01077	CC(=O)OCCC(C(=O)O)N
C04556	CC1=NC=C(C(=N1)N)COP(=O)([O-])[O-]
C01079	CC1=C2CC3=C(C(=C(N3)CC4=C(C(=C(N4)CC5=C(C(=C(N5)CC(=C1CCC(=O)[O-])N2)CCC(=O)[O-])C)C=C)C)C=C)C
C11435	CC(CO)(C(COP(=O)([O-])OP(=O)([O-])OCC1C(C(C(O1)N2C=CC(=NC2=O)N)O)O)O)O
C11436	CC(CO)(C(COP(=O)([O-])OP(=O)([O-])OCC1C(C(C(O1)N2C=CC(=NC2=O)N)O)O)O)OP(=O)([O-])[O-]
C00857	C5(/C(/C([O-])=O)=C\C=C/[N+](/[C@@H]4(O[C@H](COP(OP(OC[C@H]3(O[C@@H](N1(C2(\C(\N=C/1)=C(N)/N=C\N=2)))[C@H](O)[C@H](O)3))(=O)[O-])(=O)[O-])[C@@H](O)[C@@H](O)4))=5)
C01179	C1=CC(=CC=C1CC(=O)C(=O)[O-])O
C04823	C1=NC(=C(N1C2C(C(C(O2)COP(=O)([O-])[O-])O)O)N)C(=O)NC(CC(=O)[O-])C(=O)[O-]
C01170	CC(=O)NC1C(C(C(OC1OP(=O)([O-])OP(=O)([O-])OCC2C(C(C(O2)N3C=CC(=O)NC3=O)O)O)CO)O)O
C04411	CC(C)C(C(C(=O)[O-])O)C(=O)[O-]
C18796	CCC(C)(C#N)O
C08334	CCC(C)(C#N)OC1C(C(C(C(O1)CO)O)O)O
C21615	C(C=O)OP(=O)([O-])OP(=O)([O-])OP(=O)([O-])[O-]
C20236	C(C1C(C(C(C(O1)OC2C(OC(C(C2O)O)O)CO)O)O)O)O
C00680	C(CC(C(=O)O)N)CC(C(=O)O)N
C00683	CC(C(=O)[O-])C(=O)SCCNC(=O)CCNC(=O)C(C(C)(C)COP(=O)([O-])OP(=O)([O-])OCC1C(C(C(O1)N2C=NC3=C(N=CN=C32)N)O)OP(=O)([O-])[O-])O
C05692	C1=NC(=C2C(=N1)N(C=N2)C3C(C(C(O3)C[Se]CCC(C(=O)O)N)O)O)N
C18237	C(C1C(=C(C2C(O1)NC3=C(N2)C(=O)NC(=N3)N)[S-])[S-])OP(=O)([O-])[O-].O=[Mo+2]=O
C00688	CC1C(=O)C(C(C(O1)OP(=O)([O-])OP(=O)([O-])OCC2C(CC(O2)N3C=C(C(=O)NC3=O)C)O)O)O
C05271	CCCC=CC(=O)SCCNC(=O)CCNC(=O)C(C(C)(C)COP(=O)([O-])OP(=O)([O-])OCC1C(C(C(O1)N2C=NC3=C(N=CN=C32)N)O)OP(=O)([O-])[O-])O
C00831	CC(C)(CO)C(C(=O)NCCC(=O)NCCS)O
C04349	C(C([C@H](CC(C([O-])=O)=O)O)=O)O
C00513	C(O)[C@@H](O)COP(OP(OC[C@@H]2([C@H]([C@H]([C@H](N1(\C=C/C(/N)=N\C1=O))O2)O)O))(=O)[O-])([O-])=O
XGOS-xxxg	C1C(C(C(C(O1)OCC2C(C(C(C(O2)OC3C(OC(C(C3O)O)OC4C(OC(C(C4O)O)OC5C(OC(C(C5O)O)O)CO)COC6C(C(C(CO6)O)O)O)COC7C(C(C(CO7)O)O)O)O)O)O)O)O)O
C00514	C(C(C(C(C(C(=O)[O-])O)O)O)O)O
C04882	CC(C(=O)NC(CCC(=O)NC(CCCC(C(=O)[O-])[NH3+])C(=O)NC(C)C(=O)NC(C)C(=O)[O-])C(=O)[O-])NC(=O)C(C)OC1C(C(OC(C1O)CO)OP(=O)([O-])OP(=O)([O-])OCC2C(C(C(O2)N3C=CC(=O)NC3=O)O)O)NC(=O)C
C00921	C1C(=NC2=C(N1)N=C(NC2=O)N)CNC3=CC=C(C=C3)C(=O)[O-]
C02869	CC3(\C=C2(C(/N(C[C@H](O)[C@H](O)[C@H](O)COP([O-])(=O)[O-])C1(\C(\C(=O)NC(=O)/N=1)=N/2))=C\C(/C)=3))
C01674	CC(=O)NC1C(C(C(OC1O)CO)OC2C(C(C(C(O2)CO)O)O)NC(=O)C)O
C00458	C1C(C(OC1N2C=CC(=NC2=O)N)COP(=O)([O-])OP(=O)([O-])OP(=O)([O-])[O-])O
C00459	CC1=CN(C(=O)NC1=O)C2CC(C(O2)COP(=O)([O-])OP(=O)([O-])OP(=O)([O-])[O-])O
C04896	C(OP([O-])(=O)[O-])[C@H]3(O[C@@H](/N=C/NC1(\N(\C=N/C(\C(=O)N)=1)[C@@H]2(O[C@H](COP(=O)([O-])[O-])[C@@H](O)[C@@H](O)2)))[C@H](O)[C@@H]3O)
C04489	CN1C(CNC2=C1C(=O)NC(=N2)N)CNC3=CC=C(C=C3)C(=O)NC(CCC(=O)NC(CCC(=O)NC(CCC(=O)[O-])C(=O)[O-])C(=O)[O-])C(=O)[O-]
C00448	CC(=CCCC(=CCCC(=CCOP(=O)([O-])OP(=O)([O-])[O-])C)C)C
C00455	C1=CC(=C[N+](=C1)C2C(C(C(O2)COP(=O)([O-])[O-])O)O)C(=O)N
C16619	Nc1nc(=S)c2ncn([C@@H]3O[C@H](COP(=O)([O-])[O-])[C@@H](O)[C@H]3O)c2[nH]1
C19709	C(CC(C(=O)O)NC(=O)CC(C(=O)O)N)CN=C(N)N
C00331	C1=CC=C2C(=C1)C(=CN2)CC(=O)C(=O)[O-]
C00330	C1C(C(OC1N2C=NC3=C2N=C(NC3=O)N)CO)O
C00333	C(=O)[C@H](O)[C@@H](O)[C@@H](O)[C@H](O)C(=O)[O-]
C12739	CC1C(C(C(O1)N2C=C(C(=O)NC2=O)F)O)O
C00337	C1C(NC(=O)NC1=O)C(=O)[O-]
GOS	OCC1OC(OC2C(O)C(O)C(OC3C(O)C(O)C(OC4C(O)C(O)C(O)OC4CO)OC3CO)OC2CO)C(O)C(O)C1O
C00636	C(C1C(C(C(C(O1)OP(=O)([O-])[O-])O)O)O)O
C00630	CC(C)C(=O)SCCNC(=O)CCNC(=O)C(C(C)(C)COP(=O)([O-])OP(=O)([O-])OCC1C(C(C(O1)N2C=NC3=C(N=CN=C32)N)O)OP(=O)([O-])[O-])O
C00631	C(C(C(=O)[O-])OP(=O)([O-])[O-])O
C01594	CC(C)(C#N)OC1C(C(C(C(O1)CO)O)O)O
C01352	CC1=CC2=C(C=C1C)N(C3=C(N2)C(=O)NC(=O)N3)CC(C(C(COP(=O)([O-])OP(=O)([O-])OCC4C(C(C(O4)N5C=NC6=C(N=CN=C65)N)O)O)O)O)O
C00208	C(C1C(C(C(C(O1)OC2C(OC(C(C2O)O)O)CO)O)O)O)O
C00204	C(C(C(CO)O)O)C(=O)C(=O)[O-]
C01212	CC(C(=O)[O-])NC(=O)C(C)OC1C(C(OC(C1O)CO)OP(=O)([O-])OP(=O)([O-])OCC2C(C(C(O2)N3C=CC(=O)NC3=O)O)O)NC(=O)C
C01217	CC1C(NC2=C(N1)N=C(NC2=O)N)C(C)NC3=CC=C(C=C3)CC(C(C(COC4C(C(C(O4)COP(=O)([O-])OC(CCC(=O)[O-])C(=O)[O-])O)O)O)O)O
C00025	C(CC(=O)O)C(C(=O)[O-])N
C00024	CC(=O)SCCNC(=O)CCNC(=O)C(C(C)(C)COP(=O)([O-])OP(=O)([O-])OCC1C(C(C(O1)N2C=NC3=C(N=CN=C32)N)O)OP(=O)([O-])[O-])O
C00027	OO
C00026	C(CC(=O)[O-])C(=O)C(=O)[O-]
C00021	C1=NC2=C(C(=N1)N)N=CN2C3C(C(C(O3)CSCCC(C(=O)O)N)O)O
C00020	C1=NC(=C2C(=N1)N(C=N2)C3C(C(C(O3)COP(=O)([O-])[O-])O)O)N
C00022	CC(=O)C(=O)[O-]
C00143	C1C2CN(CN2C3=C(N1)N=C(NC3=O)N)C4=CC=C(C=C4)C(=O)NC(CCC(=O)[O-])C(=O)[O-]
C00140	CC(=O)NC1C(C(C(OC1O)CO)O)O
C00141	CC(C)C(=O)C(=O)[O-]
C00029	C(O)[C@@H]1([C@@H](O)[C@H](O)[C@@H](O)C(O1)OP(OP(OC[C@@H]3([C@H]([C@H]([C@H](N2(\C=C/C(=O)NC2=O))O3)O)O))(=O)[O-])(=O)[O-])
C00147	C1=NC2=C(N1)C(=NC=N2)N
C00144	C1=NC2=C(N1C3C(C(C(O3)COP(=O)([O-])[O-])O)O)N=C(NC2=O)N
C11434	CC(CO)(C(COP(=O)([O-])[O-])O)O
C04631	CC(=O)NC1C(C(C(OC1OP(=O)([O-])OP(=O)([O-])OCC2C(C(C(O2)N3C=CC(=O)NC3=O)O)O)CO)O)OC(=C)C(=O)[O-]
C03232	C(OP([O-])(=O)[O-])C(=O)C(=O)[O-]
C00099	C(CN)C(=O)O
C02739	N=c1c2ncn(C3O[C@H](COP(=O)([O-])OP(=O)([O-])OP(=O)([O-])O)[C@@H](O)[C@H]3O)c2ncn1[C@@H]1O[C@H](COP(=O)([O-])[O-])[C@@H](O)[C@H]1O
C15587	C1=C2C(=NC=N1)N=CN2
C00647	CC1=NC=C(C(=C1O)C[NH3+])COP(=O)([O-])[O-]
C00700	C1=NC2=C(N1C3C(C(C(O3)COP(=O)([O-])OP(=O)([O-])OP(=O)([O-])[O-])O)O)NC(=O)NC2=O
C00704	[O-][O]
C00705	C1C(C(OC1N2C=CC(=NC2=O)N)COP(=O)([O-])OP(=O)([O-])[O-])O
C02630	C(CC(=O)[O-])C(C(=O)[O-])O
C02631	CC(C)C(=CC(=O)[O-])C(=O)[O-]
C02637	C1C(C(C(=O)C=C1C(=O)[O-])O)O
C01528	[SeH2]
rhaos	CC1OC(OC2C(C)OC(O)C(O)C2O)C(O)C(O)C1O
C02939	CC(C)CC(=O)SCCNC(=O)CCNC(=O)C(C(C)(C)COP(=O)([O-])OP(=O)([O-])OCC1C(C(C(O1)N2C=NC3=C(N=CN=C32)N)O)OP(=O)([O-])[O-])O
C05898	CC(C(=O)NC(CCC(=O)NC(CCCC(C(=O)[O-])[NH3+])C(=O)NC(C)C(=O)NC(C)C(=O)[O-])C(=O)[O-])NC(=O)C(C)OC1C(C(OC(C1OC2C(C(C(C(O2)CO)O)O)NC(=O)C)CO)OP(=O)([O-])OP(=O)([O-])OCC=C(C)CCC=C(C)CCC=C(C)CCC=C(C)CCC=C(C)CCC=C(C)CCC=C(C)CCC=C(C)CCC=C(C)CCC=C(C)CCC=C(C)C)NC(=O)C
C04752	CC1=NC=C(C(=N1)N)COP(=O)([O-])OP(=O)([O-])[O-]
C04751	C1=NC(=C(N1C2C(C(C(O2)COP(=O)([O-])[O-])O)O)N)C(=O)[O-]
C01134	CC(C)(COP(=O)([O-])[O-])C(C(=O)NCCC(=O)NCCS)O
C01137	C[S+](CCC[NH3+])CC1C(C(C(O1)N2C=NC3=C(N=CN=C32)N)O)O
C01131	CC(C(C(C(=O)COP(=O)([O-])[O-])O)O)O
C02226	CC(=CC(=O)[O-])C(=O)[O-]
C06032	CC(C(C(=O)[O-])O)C(=O)[O-]
C02745	CC3(\C=C1(C(/N(C[C@H](O)[C@H](O)[C@H](O)COP([O-])(=O)[O-])C2(/NC(=O)NC(=O)C(\N1)=2))=C\C(/C)=3))
C02741	C1=NC2=C(N1C3C(C(C(O3)COP(=O)([O-])[O-])O)O)N=CN(C2=N)C4C(C(C(O4)COP(=O)([O-])[O-])O)O
C05401	C(C1C(C(C(C(O1)OCC(CO)O)O)O)O)O
C00966	CC(C(=O)C([O-])=O)(CO)C
C04255	CC(=O)N[C@H]1(C(O)O[C@H](COS(=O)(=O)[O-])[C@H](O)[C@H](O)1)
C04895	C1C(=NC2=C(N1)N=C(NC2=O)N)C(C(COP(=O)([O-])OP(=O)([O-])OP(=O)([O-])[O-])O)O
C04916	C1=NC(=C(N1C2C(C(C(O2)COP(=O)([O-])[O-])O)O)NC=NCC(=O)C(C(COP(=O)([O-])[O-])O)O)C(=O)N
C00415	C1C(=NC2=C(N1)N=C(NC2=O)N)CNC3=CC=C(C=C3)C(=O)NC(CCC(=O)[O-])C(=O)[O-]
C00417	C(C(=CC(=O)[O-])C(=O)[O-])C(=O)[O-]
C01005	C(C(C(=O)[O-])[NH3+])OP(=O)([O-])[O-]
antim	[OH-].[OH-].[OH-].[Sb+3]
C04851	CC(C(=O)NC(CCC(=O)NC(CCCC[NH3+])C(=O)NC(C)C(=O)NC(C)C(=O)[O-])C(=O)[O-])NC(=O)C(C)OC1C(C(OC(C1O)CO)OP(=O)([O-])OP(=O)([O-])OCC=C(C)CCC=C(C)CCC=C(C)CCC=C(C)CCC=C(C)CCC=C(C)CCC=C(C)CCC=C(C)CCC=C(C)CCC=C(C)CCC=C(C)C)NC(=O)C
C19609	[Ni+2]
C00993	CC(C(=O)NC(C)C(=O)O)N
C04039	CC(C)(C(C(=O)[O-])O)O
C11215	O=[As]([O-])([O-])O
C00243	C(C1C(C(C(C(O1)OC2C(OC(C(C2O)O)O)CO)O)O)O)O
C00242	C1=NC2=C(N1)C(=O)NC(=N2)N
C00249	CCCCCCCCCCCCCCCC(=O)[O-]
C00568	C1=CC(=CC=C1C(=O)[O-])N
C01099	CC(C(C(C(=O)COP(=O)([O-])[O-])O)O)O
C00561	C1=CC=C(C=C1)C(C#N)O
C01094	C(C1C(C(C(O1)(COP(=O)([O-])[O-])O)O)O)O
C01721	CC(C(C(C(=O)CO)O)O)O
C01092	CC(C(=O)CCCCCC(=O)[O-])N
C00341	CC(=CCCC(=CCOP(=O)([O-])OP(=O)([O-])[O-])C)C
C00345	C(C(C(C(C(C(=O)[O-])O)O)O)O)OP(=O)([O-])[O-]
C00369_kz	OCC1OC(OC2C(O)C(O)C(OC3C(O)C(O)C(OC4C(O)C(O)C(OC5C(O)C(O)C(OC6C(O)C(O)C(OC7C(O)C(O)C(OC8C(O)C(O)C(O)OC8CO)OC7CO)OC6CO)OC5CO)OC4CO)OC3CO)OC2CO)C(O)C(O)C1O
C00061	CC2(\C(/C)=C/C3(/N(C[C@H](O)[C@H](O)[C@H](O)COP([O-])(=O)[O-])C1(\C(\C(=O)[N-]C(=O)/N=1)=N/C(\C=2)=3)))
C00063	C1=CN(C(=O)N=C1N)C2C(C(C(O2)COP(=O)([O-])OP(=O)([O-])OP(=O)([O-])[O-])O)O
C00062	C(CC(C(=O)[O-])[NH3+])C[NH+]=C(N)N
C00065	C(C(C(=O)O)N)O
C00064	C(CC(=O)N)C(C(=O)O)N
C00067	C=O
C11811	CC(=CCOP(=O)([O-])OP(=O)([O-])[O-])CO
C03764	CN(C)C1=CC=C(C=C1)N=NC2=CC=CC=C2
C16635	CC1C(C(C(O1)N2C=C(C(=NC2=O)N)F)O)O
C16634	C1=C(C(=O)NC(=O)N1C2C(C(C(O2)COP(=O)([O-])[O-])O)O)F
C05924	C(C1C(=C(C2C(O1)NC3=C(N2)C(=O)NC(=N3)N)S)[S-])OP(=O)([O-])[O-]
C00740	C(C(C(=O)O)N)O
C05922	Nc1nc(N[C@@H]2O[C@H](COP(=O)([O-])OP(=O)([O-])OP(=O)([O-])[O-])[C@@H](O)[C@H]2O)c(NC=O)c(=O)[nH]1
C05921	C1C2C(C(S1)CCCCC(=O)OP(=O)([O-])OCC3C(C(C(O3)N4C=NC5=C(N=CN=C54)N)O)O)NC(=O)N2
C04677	C1=NC(=C(N1C2C(C(C(O2)COP(=O)([O-])[O-])O)O)N)C(=O)N
C06216	C(C1C(C(C(C(O1)OC2C(OC(C(C2O)O)OC3C(OC(C(C3O)O)OC4C(OC(C(C4O)O)OC5C(OC(C(C5O)O)OC6C(OC(C(C6O)O)OC7C(OC(C(C7O)O)O)CO)CO)CO)CO)CO)CO)O)O)O)O
C06217	C(C1C(C(C(C(O1)OC2C(OC(C(C2O)O)OC3C(OC(C(C3O)O)OC4C(OC(C(C4O)O)OC5C(OC(C(C5O)O)OC6C(OC(C(C6O)O)O)CO)CO)CO)CO)CO)O)O)O)O
C00748	CC1(C(C2=NC1=CC3=NC(=CC4=C(C(=C([N-]4)C=C5C(=C(C(=C2)[N-]5)CC(=O)[O-])CCC(=O)[O-])CCC(=O)[O-])CC(=O)[O-])C(C3CCC(=O)[O-])(C)CC(=O)[O-])CCC(=O)[O-])CC(=O)[O-].[Fe+2]
C04079	CC(C)(CO)[C@H](C(NCCC(=O)N[C@H](C(=O)[O-])CS)=O)O
C05394	C(C1C(C(=O)C(C(O1)O)O)O)O
C20246	CC1=NC(SC1=CCOP(=O)([O-])[O-])C(=O)[O-]
C01267	C1=C(NC=N1)CC(=O)COP(=O)([O-])[O-]
C01268	C(C1C(C(C(O1)NC2=C(C(=O)NC(=O)N2)N)O)O)OP(=O)([O-])[O-]
C00666	C(CC(C(=O)O)N)CC(C(=O)O)N
C00114	C[N+](C)(C)CCO
C00117	C(C1C(C(C(O1)O)O)O)OP(=O)([O-])[O-]
C00116	C(C(CO)O)O
C00111	C(C(=O)COP(=O)([O-])[O-])O
C02380	C1=NC2=C(N1)C(=S)N=CN2
C00112	C1=CN(C(=O)N=C1N)C2C(C(C(O2)COP(=O)([O-])OP(=O)([O-])[O-])O)O
C00119	C(C1C(C(C(O1)OP(=O)([O-])OP(=O)([O-])[O-])O)O)OP(=O)([O-])[O-]
C00118	C(C(C=O)O)OP(=O)([O-])[O-]
C03492	CC(C)(COP(=O)([O-])[O-])[C@@H](O)C(=O)NCCC(=O)[O-]
C05198	CC1C(C(C(O1)N2C=NC3=C2N=CN=C3N)O)O
C01346	C1C(C(OC1N2C=CC(=O)NC2=O)COP(=O)([O-])OP(=O)([O-])[O-])O
C06441	C(O)[C@H](O)[C@@H](O)C(=O)COP([O-])(=O)[O-]
C03287	C(CC(=O)OP(=O)([O-])[O-])C(C(=O)[O-])[NH3+]
C06218	C(C1C(C(C(C(O1)OC2C(OC(C(C2O)O)OC3C(OC(C(C3O)O)OC4C(OC(C(C4O)O)OC5C(OC(C(C5O)O)O)CO)CO)CO)CO)O)O)O)O
C03169	C1=CN=C[N+](=C1)C2C(C(C(O2)CO)O)O
C15996	C1=C(C2=C(N1)N=C(NC2=O)N)C#N
C19787	CSCC1C(C(C(O1)N2C=NC3=C2N=CNC3=O)O)O
C01342	[NH4+]
C01613	C(C1C(C(C(C(O1)OCC2C(C(C(C(O2)OCC3C(C(C(C(O3)OC4(C(C(C(O4)CO)O)O)CO)O)O)O)O)O)O)O)O)O)O
C00188	CC(C(C(=O)O)N)O
C00189	C(CO)[NH3+]
C00186	CC(C(=O)[O-])O
C00184	C(C(=O)CO)O
C00185	C(C1C(C(C(C(O1)OC2C(OC(C(C2O)O)O)CO)O)O)O)O
C00183	CC(C)C(C(=O)O)N
C03794	O=C([O-])CC(Nc1ncnc2c1ncn2[C@@H]1O[C@H](COP(=O)([O-])[O-])[C@@H](O)[C@H]1O)C(=O)[O-]
C00181	C1C(C(C(C(O1)O)O)O)O
C00159	C(C1C(C(C(C(O1)O)O)O)O)O
C00158	C(C(=O)[O-])C(CC(=O)[O-])(C(=O)[O-])O
C04352	CC(C)(COP(=O)([O-])[O-])[C@@H](O)C(=O)NCCC(=O)N[C@@H](CS)C(=O)[O-]
C01165	C(CC(C(=O)O)N)C=O
C00842	CC1=CN(C(=O)NC1=O)C2CC(C(O2)COP(=O)([O-])OP(=O)([O-])OC3C(C(C(C(O3)CO)O)O)O)O
C00844	C1=CC=C(C=C1)C(C#N)OC2C(C(C(C(O2)CO)O)O)O
C11376	CCC4(\C5(/C=C(\C=C/C(/N=C1(C(/CN2(C(C3(\COC([C@](CC)(C(\C=C1/2)=3)O)=O))=O))=4))=5)/O[C@H]6([C@@H]([C@H]([C@@H]([C@@H](C([O-])=O)O6)O)O)O)))
C05270	CCCCCC(=O)SCCNC(=O)CCNC(=O)C(C(C)(C)COP(=O)([O-])OP(=O)([O-])OCC1C(C(C(O1)N2C=NC3=C(N=CN=C32)N)O)OP(=O)([O-])[O-])O
C03384	C(C1C(C(C(C(O1)OP(=O)([O-])[O-])O)O)O)O
C06148	Nc1nc(NCC(=O)C(O)C(O)COP(=O)([O-])OP(=O)([O-])OP(=O)([O-])[O-])c(N)c(=O)[nH]1
C02015	CC(C)(COP(=O)([O-])OP(=O)([O-])OCC1C(C(C(O1)N2C=NC3=C(N=CN=C32)N)O)OP(=O)([O-])[O-])C(C(=O)NCCC(=O)NCCSSCCNC(=O)CCNC(=O)C(C(C)(C)COP(=O)([O-])OP(=O)([O-])OCC4C(C(C(O4)N5C=NC6=C(N=CN=C65)N)O)OP(=O)([O-])[O-])O)O
C02013	C(C1C(C(C(C(O1)OC2C(OC(C(C2O)O)OC3C(OC(C(C3O)O)OC4C(OC(C(C4O)O)O)CO)CO)CO)O)O)O)O
C20239	C1C(NC2=C(N1)N=C(NC2=O)N)C(=O)[O-]
C11437	CC(=O)C(C(COP(=O)([O-])[O-])O)O
C00372_kz	OCC1OC(OC2C(O)C(O)C(OC3C(O)C(O)C(OC4C(O)C(O)C(OCC5OC(OC6C(O)C(O)C(OC7C(O)C(O)C(OC8C(O)C(O)COC8CO)OC7CO)OC6CO)C(O)C(O)C5O)OC4CO)OC3CO)OC2CO)C(O)C(O)C1O
C00931	C1=C(C(=C(N1)C[NH3+])CC(=O)[O-])CCC(=O)[O-]
C01096	C(C(C(C(C(COP(=O)([O-])[O-])O)O)O)O)O
C04327	CC1=C(SC=N1)CCOP(=O)([O-])[O-]
C00447	C(C(C(C(C(C(=O)COP(=O)([O-])[O-])O)O)O)O)OP(=O)([O-])[O-]
C00445	Nc1nc2c(c(=O)[nH]1)[N+]1=CN(c3ccc(C(=O)N[C@@H](CCC(=O)[O-])C(=O)[O-])cc3)C[C@H]1CN2
C01762	C1=NC2=C(N1C3C(C(C(O3)CO)O)O)NC(=O)NC2=O
C12632	C1=CC(=C(C=C1C2=CC(=O)C3=C(C=C(C=C3O2)OC4C(C(C(C(O4)C(=O)[O-])O)O)OC5C(C(C(C(O5)C(=O)[O-])O)O)O)O)O)O
C00441	C(C=O)C(C(=O)[O-])[NH3+]
C00440	CN1C(CNC2=C1C(=O)NC(=N2)N)CNC3=CC=C(C=C3)C(=O)NC(CCC(=O)[O-])C(=O)[O-]
C04281	C1C(C=NC1C(=O)[O-])O
C00526	C1C(C(OC1N2C=CC(=O)NC2=O)CO)O
C11453	CC1(C(COP(=O)(OP(=O)(O1)[O-])[O-])O)CO
C00522	CC(C)(CO)C(C(=O)[O-])O
C00169	C(=O)(N)OP(=O)([O-])[O-]
C01449	C1=CC(C(C1[NH2+]CC2=CNC3=C2C(=O)NC(=N3)N)O)O
C16615	CSc1ncnc2c1ncn2[C@@H]1O[C@H](COP(=O)([O-])[O-])[C@@H](O)[C@H]1O
C19632	C(C1C(C(C(C(O1)OC(C=O)C(C(C(CO)O)O)O)O)O)O)O
C01672	C(CC[NH3+])CC[NH3+]
C01909	CC1C(NC(=O)N1)CCCCCC(=O)[O-]
C00068	CC1=C(SC=[N+]1CC2=CN=C(N=C2N)C)CCOP(=O)([O-])OP(=O)([O-])[O-]
POS	OC1OC(C(OC2OC(C(OC3OC(C(OC4OC(C(O)C(O)C4O)C(O)=O)C(O)C3O)C(O)=O)C(O)C2O)C(O)=O)C(O)C1O)C(O)=O
C04133	CC(=O)NC(CCC(=O)OP(=O)([O-])[O-])C(=O)[O-]
C03838	C([NH3+])C(=O)N[C@H]1([C@H](O)[C@H](O)[C@@H](COP([O-])(=O)[O-])O1)
C05400	C(C1C(C(C(C(O1)OCC2C(C(C(C(O2)O)O)O)O)O)O)O)O
C03722	C1=CC(=C(N=C1)C(=O)[O-])C(=O)[O-]
C05402	C(C1C(C(C(C(O1)OCC2C(C(C(C(O2)O)O)O)O)O)O)O)O
C05403	C(C1C(C(C(C(O1)O)O)O)OC2C(C(=O)C(C(O2)CO)O)O)O
C05404	C(C1C(C(C(C(O1)OCC2C(C(C(C(O2)OCC3C(C(C(C(O3)O)O)O)O)O)O)O)O)O)O)O
C00623	C(C(COP(=O)([O-])[O-])O)O
C00620	C(C1C(C(C(O1)OP(=O)([O-])[O-])O)O)O
C11355	C=C(C(=O)[O-])OC1C=C(C=CC1[NH3+])C(=O)[O-]
C00624	CC(=O)NC(CCC(=O)[O-])C(=O)[O-]
C02532	C(OP([O-])([O-])=O)[C@@H]([NH3+])C(=O)[O-]
C00238	[K+]
C00239	C1C(C(OC1N2C=CC(=NC2=O)N)COP(=O)([O-])[O-])O
C04582	CSCC(C(C(=O)COP(=O)([O-])[O-])O)O
C00231	C(C(C(C(=O)CO)O)O)OP(=O)([O-])[O-]
C01345	C1C(C(OC1N2C=NC3=C2N=CNC3=O)COP(=O)([O-])OP(=O)([O-])OP(=O)([O-])[O-])O
C00233	CC(C)CC(=O)C(=O)[O-]
C00234	C1C(NC2=C(N1)N=C(NC2=O)N)CN(C=O)C3=CC=C(C=C3)C(=O)NC(CCC(=O)[O-])C(=O)[O-]
C00235	CC(=CCOP(=O)([O-])OP(=O)([O-])[O-])C
C00236	C(C(C(=O)OP(=O)([O-])[O-])O)OP(=O)([O-])[O-]
C00237	[C-]#[O+]
C00010	CC(C)(COP(=O)([O-])OP(=O)([O-])OCC1C(C(C(O1)N2C=NC3=C(N=CN=C32)N)O)OP(=O)([O-])[O-])C(C(=O)NCCC(=O)NCCS)O
C00011	C(=O)=O
C00013	OP(=O)([O-])OP(=O)([O-])[O-]
C00014	N
C00015	C1=CN(C(=O)NC1=O)C2C(C(C(O2)COP(=O)([O-])OP(=O)([O-])[O-])O)O
C00016	CC6(\C=C5(C(/N(C[C@@H]([C@H](O)[C@H](O)COP(OP([O-])(OC[C@@H]3([C@@H](O)[C@@H](O)[C@H](N1(\C=N/C2(C(/N)=N\C=N/C1=2)))O3))=O)([O-])=O)O)C4(\C(\C(=O)[N-]C(=O)/N=4)=N/5))=C\C(/C)=6))
C00018	CC1=NC=C(C(=C1O)C=O)COP(=O)([O-])[O-]
C00019	C[S+](CCC(C(=O)O)N)CC1C(C(C(O1)N2C=NC3=C(N=CN=C32)N)O)O
C00153	C1=CC(=CN=C1)C(=O)N
C00152	C(C(C(=O)O)N)C(=O)N
C00155	C(CS)C(C(=O)O)N
C00154	CCCCCCCCCCCCCCCC(=O)SCCNC(=O)CCNC(=O)C(C(C)(C)COP(=O)([O-])OP(=O)([O-])OCC1C(C(C(O1)N2C=NC3=C(N=CN=C32)N)O)OP(=O)([O-])[O-])O
C05824	C(C(C(=O)[O-])[NH3+])SS(=O)(=O)[O-]
C02713	CC(=O)N[C@H]1C(O)O[C@H](CO)[C@@H](O)[C@@H]1O[C@H](C)C(=O)[O-]
C04144	C1C(NC2=C(N1)N=C(NC2=O)N)CNC3=CC=C(C=C3)C(=O)NC(CCC(=O)NC(CCC(=O)NC(CCC(=O)[O-])C(=O)[O-])C(=O)[O-])C(=O)[O-]
C00058	C(=O)[O-]
C00305	[Mg+2]
C00655	C1=NC2=C(N1C3C(C(C(O3)COP(=O)([O-])[O-])O)O)NC(=O)NC2=O
C00301	C(OP(=O)([O-])OP(OC[C@@H]1([C@@H](O)[C@@H](O)C(O1)O))(=O)[O-])[C@H]4(O[C@@H](N2(C3(\C(\N=C/2)=C(N)/N=C\N=3)))[C@H](O)[C@H](O)4)
C00302	C(CC(=O)O)C(C(=O)[O-])N
C00309	C1C(C(C(O1)(CO)O)O)O
C20463	C1C(C(OC1N2C=NC3=CN=CN=C32)CO)O
C15586	C1=C2C(=NC=N1)N(C=N2)C3C(C(C(O3)CO)O)O
C17556	CC(=CCCC(=CCCC(=CCCC(=CCCC(=CCCC(=CCCC(=CCCC(=CCCC(=CCCC(=CCCC(=CCOP(=O)([O-])[O-])C)C)C)C)C)C)C)C)C)C)C
C04442	C(C(C(COP(=O)([O-])[O-])O)O)C(=O)C(=O)[O-]
C20861	C(C1C(C(C(C(O1)OC2C(OC(C(C2O)O)O)CO)O)O)O)O
C03506	C1(/NC2(/C=C\C=C/C(/C(/[C@@H]([C@@H](COP([O-])(=O)[O-])O)O)=1)=2))
C05143	C1=CC(=CC=C1C(C#N)OC2C(C(C(C(O2)CO)O)O)O)O
C03508	CC(=O)C(C(=O)O)N
C21310	C(C1C2(C(C(O1)N3C2NC4=C3N=C(NC4=O)N)O)O)OP(=O)([O-])OP(=O)([O-])OP(=O)([O-])[O-]
C04865	CC(=O)NC1C(C(C(OC1O)COS(=O)(=O)[O-])O)OC2C(C(C=C(O2)C(=O)[O-])O)O
C00870	C1=CC(=CC=C1[N+](=O)[O-])[O-]
C00877	CC=CC(=O)SCCNC(=O)CCNC(=O)C(C(C)(C)COP(=O)([O-])OP(=O)([O-])OCC1C(C(C(O1)N2C=NC3=C(N=CN=C32)N)O)OP(=O)([O-])[O-])O
C05923	Nc1nc(N[C@@H]2O[C@H](COP(=O)([O-])OP(=O)([O-])OP(=O)([O-])[O-])[C@@H](O)[C@H]2O)c(N)c(=O)[nH]1
C01019	CC1C(C(C(C(O1)O)O)O)O
C06219	C(C1C(C(C(C(O1)OC2C(OC(C(C2O)O)OC3C(OC(C(C3O)O)O)CO)CO)O)O)O)O
C00409	CS
C03373	C1(\[NH+]=C/N(C(/N)=1)[C@@H]2(O[C@H](COP(=O)([O-])[O-])[C@@H](O)[C@@H](O)2))
C01157	C1C(CNC1C(=O)O)O
C00407	CCC(C)C(C(=O)O)N
C05699	C(C[Se]CC(C(=O)O)N)C(C(=O)O)N
C04425	C[S+](CCC(=O)C(=O)O)CC1C(C(C(O1)N2C=NC3=C2N=CN=C3N)O)O
C06054	C(C(C(=O)C(=O)[O-])O)OP(=O)([O-])[O-]
C06055	C(C(C(C(=O)[O-])[NH3+])O)OP(=O)([O-])[O-]
C03479	C1C(N(C2=C(N1)N=C(NC2=O)N)C=O)CNC3=CC=C(C=C3)C(=O)NC(CCC(=O)[O-])C(=O)[O-]
C01935_kz	OCC1OC(OC2C(O)C(O)C(OC3C(O)C(O)C(OC4C(O)C(O)C(O)OC4CO)OC3CO)OC2CO)C(O)C(O)C1O
C09332	C([C@@H]1(NC2(\C(NC(/N)=N/C(\NC1)=2)=O)))NC3(\C=C/C(/C(N[C@H](C(=O)[O-])CCC(N[C@H](C(=O)[O-])CCC([O-])=O)=O)=O)=C\C=3)
C00582	CC(C)(COP(=O)([O-])OP(=O)([O-])OCC1C(C(C(O1)N2C=NC3=C(N=CN=C32)N)O)OP(=O)([O-])[O-])C(C(=O)NCCC(=O)NCCSC(=O)CC4=CC=CC=C4)O
C03972	C1CC(N=C(C1)C(=O)[O-])C(=O)[O-]
C01051	C1C2=C(C(=C(N2)CC3=C(C(=C(N3)CC4=C(C(=C(N4)CC5=C(C(=C1N5)CCC(=O)[O-])CC(=O)[O-])CC(=O)[O-])CCC(=O)[O-])CC(=O)[O-])CCC(=O)[O-])CC(=O)[O-])CCC(=O)[O-]
C00577	C(C(C=O)O)O
C01302	C1=CC=C(C(=C1)C(=O)[O-])NCC(=O)C(C(COP(=O)([O-])[O-])O)O
C01300	C1C(=NC2=C(N1)N=C(NC2=O)N)CO
C00279	C(C(C(C=O)O)O)OP(=O)([O-])[O-]
C01304	C(C1C(C(C(O1)NC2=C(C(=O)NC(=N2)N)N)O)O)OP(=O)([O-])[O-]
C00275	C(C1C(C(C(C(O1)O)O)O)O)OP(=O)([O-])[O-]
C00905	C(C1(C(C(C(O1)C(=O)[O-])O)O)O)O
C00475	C1=CN(C(=O)N=C1N)C2C(C(C(O2)CO)O)O
C12215	C([C@H](O)[C@H](O)COP([O-])(=O)[O-])=[NH2+]
C12214	C(OP([O-])(=O)[O-])[C@@H]1([C@@H](O)[C@H]([NH3+])[C@@](O)(CO)O1)
C05691	C[Se+](CCC(C(=O)O)N)CC1C(C(C(O1)N2C=NC3=C(N=CN=C32)N)O)O
C00297	[S-2]
C00294	C1=NC2=C(C(=O)N1)N=CN2C3C(C(C(O3)CO)O)O
C00295	C1=C(NC(=O)NC1=O)C(=O)[O-]
C00292	C1=CC=C(C=C1)N
C05697	[O-][Se](=O)(=O)[O-]
C00357	CC(=O)NC1C(C(C(OC1O)COP(=O)([O-])[O-])O)O
C05698	C(C[SeH])C(C(=O)O)N
C00354	C(C1C(C(C(O1)(COP(=O)([O-])[O-])O)O)O)OP(=O)([O-])[O-]
C00353	CC(=CCCC(=CCCC(=CCCC(=CCOP(=O)([O-])OP(=O)([O-])[O-])C)C)C)C
C00352	C(C1C(C(C(C(O1)O)N)O)O)OP(=O)(O)O
C00299	C1=CN(C(=O)NC1=O)C2C(C(C(O2)CO)O)O
C16675	C1=C(C2=C(N1)N=C(NC2=O)N)C[NH3+]
C04666	C1=C(NC=N1)C(C(COP(=O)([O-])[O-])O)O
C01269	C=C(C(=O)[O-])OC1CC(=CC(C1O)OP(=O)([O-])[O-])C(=O)[O-]
C02273	C1(C(C(OC(C1O)OC2C(C(C(OC2C(=O)[O-])O)O)O)C(=O)[O-])O)O
C00750	C(CC[NH2+]CCC[NH3+])C[NH2+]CCC[NH3+]
C05893	CC(C(=O)NC(CCC(=O)NC(CCCC[NH3+])C(=O)NC(C)C(=O)NC(C)C(=O)[O-])C(=O)[O-])NC(=O)C(C)OC1C(C(OC(C1OC2C(C(C(C(O2)CO)O)O)NC(=O)C)CO)OP(=O)([O-])OP(=O)([O-])OCC=C(C)CCC=C(C)CCC=C(C)CCC=C(C)CCC=C(C)CCC=C(C)CCC=C(C)CCC=C(C)CCC=C(C)CCC=C(C)CCC=C(C)C)NC(=O)C
C05892	CC(=O)N[C@H]1[C@@H](OP(=O)([O-])OP(=O)([O-])OC[C@H]2O[C@@H](n3ccc(=O)[nH]c3=O)[C@H](O)[C@@H]2O)O[C@H](CO)[C@@H](O)[C@@H]1O[C@H](C)C(=O)N[C@@H](C)C(=O)N[C@H](CCC(=O)N[C@@H](CCCC[NH3+])C(=O)[O-])C(=O)[O-]
C05897	CC(C(=O)NC(CCC(=O)NC(CCCC(C(=O)[O-])[NH3+])C(=O)NC(C)C(=O)NC(C)C(=O)[O-])C(=O)[O-])NC(=O)C(C)OC1C(C(OC(C1O)CO)OP(=O)([O-])OP(=O)([O-])OCC=C(C)CCC=C(C)CCC=C(C)CCC=C(C)CCC=C(C)CCC=C(C)CCC=C(C)CCC=C(C)CCC=C(C)CCC=C(C)CCC=C(C)C)NC(=O)C
C05894	CC(C(=O)NC(CCC(=O)NC(CCCC[NH3+])C(=O)NC(C)C(=O)NC(C)C(=O)[O-])C(=O)N)NC(=O)C(C)OC1C(C(OC(C1OC2C(C(C(C(O2)CO)O)O)NC(=O)C)CO)OP(=O)([O-])OP(=O)([O-])OCC=C(C)CCC=C(C)CCC=C(C)CCC=C(C)CCC=C(C)CCC=C(C)CCC=C(C)CCC=C(C)CCC=C(C)CCC=C(C)CCC=C(C)C)NC(=O)C
C01279	CC1=NC=C(C(=N1)N)CO
C05382	C(C(C(C(C(C(=O)CO)O)O)O)O)OP(=O)([O-])[O-]
C00120	C1C2C(C(S1)CCCCC(=O)[O-])NC(=O)N2
C00122	C(=CC(=O)[O-])C(=O)[O-]
C00123	CC(C)CC(C(=O)O)N
C00124	C(C1C(C(C(C(O1)O)O)O)O)O
C00129	CC(=C)CCOP(=O)([O-])OP(=O)([O-])[O-]
AXOS	OCC1OC(OC2C(COC(O)C2O)OC2OCC(OC3OCC(OC4OCC(O)C(O)C4O)C(OC4OC(CO)C(O)C4O)C3OC3OC(CO)C(O)C3O)C(O)C2O)C(O)C1O
C06377	C(C1C(C(C(C(O1)O)[NH3+])O)O)OP(=O)([O-])[O-]
C06376	CC(=O)NC1C(C(C(OC1O)COP(=O)([O-])[O-])O)O
C02097	CC1(\C(=O)NC(N(\C=1)[C@H]3(C[C@H](O)[C@@H](COP(=O)([O-])OP(O[C@H]2(O[C@H](CO)[C@H](O)[C@H](O)[C@@H](O)2))(=O)[O-])O3))=O)
C03150	C1=CC(=C[N+](=C1)C2C(C(C(O2)CO)O)O)C(=O)N
C00054	C1=NC(=C2C(=N1)N(C=N2)C3C(C(C(O3)COP(=O)([O-])[O-])OP(=O)([O-])[O-])O)N
C00055	C1=CN(C(=O)N=C1N)C2C(C(C(O2)COP(=O)([O-])[O-])O)O
C00725	C1CSSC1CCCCC(=O)[O-]
C00199	C(C(C(C(=O)CO)O)O)OP(=O)([O-])[O-]
C00052	C1=CN(C(=O)NC1=O)C2C(C(C(O2)COP(=O)([O-])OP(=O)([O-])OC3C(C(C(C(O3)CO)O)O)O)O)O
C02659	CC(C)(C#N)O
C00197	C(C(C(=O)[O-])O)OP(=O)([O-])[O-]
C00191	C(=O)[C@H](O)[C@@H](O)[C@H](O)[C@H](O)C(=O)[O-]
C00059	[O-]S(=O)(=O)[O-]
C00192	NO
C04203	CN(C)C1=CC=C(C=C1)N
C15489	CC(C)(COP(=O)([O-])OP(=O)([O-])OCC1C(C(C(O1)N2C=NC3=C(N=CN=C32)N)O)OP(=O)([O-])[O-])C(C(=O)NCCC(=O)NCCSC(=O)CC4=CNC5=CC=CC=C54)O
C15527	CC1(C(C2=NC1=CC3=C(C(=C(N3)CC4=C(C(=C(N4)CC5=C(C(=C(C2)N5)CC(=O)[O-])CCC(=O)[O-])CC(=O)[O-])CCC(=O)[O-])CCC(=O)[O-])CC(=O)[O-])CCC(=O)[O-])CC(=O)[O-]
C04573	CC(=O)NC1C(C(C(OC1OP(=O)([O-])OP(=O)([O-])OCC2C(C(C(O2)N3C=CC(=O)NC3=O)O)O)C(=O)[O-])O)O
AX	CC(=O)OC1C(O)C(O)COC1OC1COC(OC2COC(OC3COC(O)C(O)C3O)C(OC(C)=O)C2O)C(OC(C)=O)C1O
C01118	C(COC(=O)CCC(=O)[O-])C(C(=O)[O-])[NH3+]
C01050	CC(C(=O)[O-])OC1C(C(OC(C1O)CO)OP(=O)([O-])OP(=O)([O-])OCC2C(C(C(O2)N3C=CC(=O)NC3=O)O)O)NC(=O)C
C04574	CC(=CCCC(=CCCC(=CCCC(=CCCC(=CCCC(=CCCC(=CCCC(=CCCC(=CCCC(=CCCC(=CCOP(=O)([O-])OP(=O)([O-])[O-])C)C)C)C)C)C)C)C)C)C)C
C03431	C(SC[C@H]3(O[C@@H](N1(C2(/N\C=N/C(=O)C(\N=C/1)=2)))[C@H](O)[C@H](O)3))C[C@@H](C([O-])=O)[NH3+]
C06156	C(C1C(C(C(C(O1)OP(=O)([O-])[O-])[NH3+])O)O)O
C01630	C1C(C(C(C(O1)OC2COC(C(C2O)O)O)O)O)O
C04807	C1C(=NC2=C(N1)N=C(NC2=O)N)COP(=O)([O-])OP(=O)([O-])[O-]
C00203	CC(=O)NC1C(C(C(OC1OP(=O)([O-])OP(=O)([O-])OCC2C(C(C(O2)N3C=CC(=O)NC3=O)O)O)CO)O)O
C06010	CC(=O)C(C)(C(=O)[O-])O
