ATHE_RS00005	Athe_0001
ATHE_RS00010	Athe_0003
ATHE_RS00015	Athe_0004
ATHE_RS00020	Athe_0005
ATHE_RS00025	Athe_0006
ATHE_RS00030	Athe_0008
ATHE_RS00035	Athe_0009
ATHE_RS14150	NA
ATHE_RS14155	NA
ATHE_RS14160	NA
ATHE_RS00045	Athe_0012
ATHE_RS00050	Athe_0013
ATHE_RS00055	Athe_0014
ATHE_RS00060	Athe_0015
ATHE_RS00065	Athe_0016
ATHE_RS00070	Athe_0017
ATHE_RS00075	NA
ATHE_RS00080	Athe_0019
ATHE_RS00085	Athe_0020
ATHE_RS00090	NA
ATHE_RS00095	Athe_0022
ATHE_RS00100	Athe_0023
ATHE_RS00105	Athe_0024
ATHE_RS00110	Athe_0025
ATHE_RS00115	Athe_0026
ATHE_RS00120	Athe_0028
ATHE_RS14050	Athe_0029
ATHE_RS00130	NA
ATHE_RS00135	Athe_0031
ATHE_RS00140	Athe_0032
ATHE_RS00145	Athe_0033
ATHE_RS00150	Athe_0034
ATHE_RS00155	Athe_0035
ATHE_RS00160	Athe_0036
ATHE_RS00165	Athe_0037
ATHE_RS00170	Athe_0038
ATHE_RS00175	Athe_0039
ATHE_RS00180	Athe_0040
ATHE_RS00185	Athe_0041
ATHE_RS00190	Athe_0042
ATHE_RS00195	Athe_0043
ATHE_RS00200	Athe_0044
ATHE_RS00205	Athe_0045
ATHE_RS00210	Athe_0046
ATHE_RS00215	Athe_0047
ATHE_RS00220	Athe_0048
ATHE_RS00235	Athe_0049
ATHE_RS00240	Athe_0050
ATHE_RS00245	Athe_0051
ATHE_RS00250	Athe_0052
ATHE_RS00255	Athe_0053
ATHE_RS00260	Athe_0054
ATHE_RS00265	Athe_0055
ATHE_RS00270	Athe_0056
ATHE_RS14055	Athe_0057
ATHE_RS00280	Athe_0058
ATHE_RS00285	Athe_0059
ATHE_RS00290	Athe_0060
ATHE_RS00295	Athe_0061
ATHE_RS00300	Athe_0062
ATHE_RS00305	Athe_0063
ATHE_RS00310	Athe_0064
ATHE_RS00315	Athe_0065
ATHE_RS00320	NA
ATHE_RS00325	NA
ATHE_RS00330	Athe_0067
ATHE_RS00335	Athe_0068
ATHE_RS00340	Athe_0069
ATHE_RS00345	NA
ATHE_RS00350	NA
ATHE_RS00355	Athe_0072
ATHE_RS00360	Athe_0073
ATHE_RS00365	Athe_0074
ATHE_RS00370	NA
ATHE_RS00375	Athe_0076
ATHE_RS00380	Athe_0077
ATHE_RS00385	Athe_0078
ATHE_RS00390	Athe_0079
ATHE_RS00395	Athe_0080
ATHE_RS00400	Athe_0081
ATHE_RS00405	Athe_0082
ATHE_RS00410	Athe_0083
ATHE_RS00415	Athe_0084
ATHE_RS00420	Athe_0085
ATHE_RS00425	Athe_0086
ATHE_RS00430	Athe_0087
ATHE_RS00435	Athe_0088
ATHE_RS00440	Athe_0089
ATHE_RS00445	Athe_0090
ATHE_RS00450	Athe_0091
ATHE_RS00455	Athe_0092
ATHE_RS14450	NA
ATHE_RS00460	Athe_0093
ATHE_RS00465	NA
ATHE_RS14165	NA
ATHE_RS00470	Athe_0096
ATHE_RS00475	Athe_0097
ATHE_RS00480	NA
ATHE_RS00485	NA
ATHE_RS00490	Athe_0100
ATHE_RS00495	Athe_0101
ATHE_RS00500	Athe_0102
ATHE_RS00505	Athe_0103
ATHE_RS00510	Athe_0104
ATHE_RS00515	Athe_0105
ATHE_RS00520	Athe_0106
ATHE_RS00525	Athe_0107
ATHE_RS00530	Athe_0108
ATHE_RS00535	Athe_0109
ATHE_RS00540	Athe_0110
ATHE_RS00545	Athe_0111
ATHE_RS00550	Athe_0112
ATHE_RS00555	Athe_0113
ATHE_RS00560	Athe_0114
ATHE_RS00565	Athe_0115
ATHE_RS00570	Athe_0116
ATHE_RS00575	Athe_0117
ATHE_RS00580	Athe_0118
ATHE_RS00585	Athe_0119
ATHE_RS00590	Athe_0120
ATHE_RS00595	Athe_0121
ATHE_RS00600	Athe_0122
ATHE_RS00605	Athe_0123
ATHE_RS00610	Athe_0124
ATHE_RS00615	Athe_0125
ATHE_RS00620	Athe_0126
ATHE_RS00625	Athe_0127
ATHE_RS00630	Athe_0128
ATHE_RS00635	NA
ATHE_RS00640	Athe_0130
ATHE_RS00645	Athe_0131
ATHE_RS00650	NA
ATHE_RS00655	NA
ATHE_RS00660	Athe_0134
ATHE_RS00665	Athe_0135
ATHE_RS00670	Athe_0136
ATHE_RS00675	Athe_0137
ATHE_RS00680	Athe_0138
ATHE_RS00685	Athe_0139
ATHE_RS00690	NA
ATHE_RS00695	Athe_0142
ATHE_RS00700	Athe_0143
ATHE_RS00705	NA
ATHE_RS14170	Athe_0145
ATHE_RS00710	Athe_0146
ATHE_RS00715	Athe_0147
ATHE_RS00720	Athe_0148
ATHE_RS00725	Athe_0149
ATHE_RS00730	Athe_0150
ATHE_RS00735	Athe_0151
ATHE_RS00740	Athe_0152
ATHE_RS00745	Athe_0153
ATHE_RS00750	Athe_0154
ATHE_RS00755	Athe_0155
ATHE_RS00760	Athe_0156
ATHE_RS00765	Athe_0157
ATHE_RS00770	Athe_0158
ATHE_RS00775	Athe_0159
ATHE_RS00780	NA
ATHE_RS00785	Athe_0160
ATHE_RS00790	Athe_0161
ATHE_RS00795	Athe_0162
ATHE_RS00800	Athe_0163
ATHE_RS00805	Athe_0164
ATHE_RS00810	Athe_0165
ATHE_RS00815	Athe_0166
ATHE_RS00820	Athe_0167
ATHE_RS00825	Athe_0168
ATHE_RS00830	Athe_0169
ATHE_RS00835	Athe_0170
ATHE_RS00840	Athe_0171
ATHE_RS00845	Athe_0172
ATHE_RS00850	Athe_0173
ATHE_RS00855	Athe_0174
ATHE_RS00860	Athe_0175
ATHE_RS00865	Athe_0176
ATHE_RS00870	Athe_0177
ATHE_RS00875	Athe_0178
ATHE_RS00880	Athe_0179
ATHE_RS00885	Athe_0180
ATHE_RS00890	Athe_0181
ATHE_RS00895	Athe_0182
ATHE_RS00900	Athe_0183
ATHE_RS00905	Athe_0184
ATHE_RS00910	Athe_0185
ATHE_RS00915	Athe_0186
ATHE_RS00920	Athe_0187
ATHE_RS00925	Athe_0188
ATHE_RS14175	Athe_0189
ATHE_RS00930	Athe_0190
ATHE_RS00935	Athe_0191
ATHE_RS00940	Athe_0192
ATHE_RS00945	Athe_0193
ATHE_RS00950	Athe_0194
ATHE_RS00955	Athe_0195
ATHE_RS00960	Athe_0196
ATHE_RS00965	Athe_0197
ATHE_RS00970	Athe_0198
ATHE_RS00975	Athe_0199
ATHE_RS00980	Athe_0200
ATHE_RS00985	Athe_0201
ATHE_RS00990	Athe_0202
ATHE_RS00995	Athe_0203
ATHE_RS01000	Athe_0204
ATHE_RS01005	Athe_0205
ATHE_RS01010	Athe_0206
ATHE_RS01015	Athe_0207
ATHE_RS01020	Athe_0208
ATHE_RS01025	Athe_0209
ATHE_RS01030	Athe_0210
ATHE_RS01035	Athe_0211
ATHE_RS01040	Athe_0212
ATHE_RS01045	Athe_0213
ATHE_RS01050	Athe_0214
ATHE_RS01055	Athe_0215
ATHE_RS01060	Athe_0216
ATHE_RS01065	Athe_0217
ATHE_RS01070	Athe_0218
ATHE_RS01075	Athe_0219
ATHE_RS01080	Athe_0220
ATHE_RS01085	Athe_0221
ATHE_RS01090	Athe_0222
ATHE_RS01095	Athe_0223
ATHE_RS01100	Athe_0224
ATHE_RS01105	Athe_0225
ATHE_RS01110	NA
ATHE_RS01115	Athe_0227
ATHE_RS01120	Athe_0228
ATHE_RS01125	Athe_0229
ATHE_RS01130	Athe_0230
ATHE_RS01135	Athe_0231
ATHE_RS01140	Athe_0232
ATHE_RS01145	Athe_0233
ATHE_RS01150	Athe_0234
ATHE_RS01155	Athe_0235
ATHE_RS01160	Athe_0236
ATHE_RS01165	Athe_0237
ATHE_RS01170	Athe_0238
ATHE_RS01175	Athe_0239
ATHE_RS01180	Athe_0240
ATHE_RS01185	Athe_0242
ATHE_RS01190	Athe_0243
ATHE_RS01195	Athe_0244
ATHE_RS01200	Athe_0245
ATHE_RS01205	Athe_0246
ATHE_RS01210	Athe_0247
ATHE_RS01215	Athe_0248
ATHE_RS01220	Athe_0249
ATHE_RS01225	Athe_0250
ATHE_RS01230	Athe_0251
ATHE_RS01235	Athe_0252
ATHE_RS01240	Athe_0253
ATHE_RS01245	Athe_0254
ATHE_RS01250	NA
ATHE_RS14455	Athe_0256
ATHE_RS01255	NA
ATHE_RS01260	Athe_0258
ATHE_RS01265	Athe_0259
ATHE_RS01270	NA
ATHE_RS01275	NA
ATHE_RS01280	Athe_0263
ATHE_RS01285	Athe_0264
ATHE_RS01290	Athe_0265
ATHE_RS01295	Athe_0266
ATHE_RS01300	NA
ATHE_RS01305	Athe_0268
ATHE_RS01310	Athe_0271
ATHE_RS01315	Athe_0272
ATHE_RS01320	Athe_0273
ATHE_RS01325	Athe_0274
ATHE_RS01330	Athe_0275
ATHE_RS01335	Athe_0276
ATHE_RS01340	Athe_0277
ATHE_RS01345	Athe_0278
ATHE_RS01350	Athe_0279
ATHE_RS01355	Athe_0280
ATHE_RS01360	Athe_0281
ATHE_RS01365	NA
ATHE_RS14460	Athe_0282
ATHE_RS01375	NA
ATHE_RS01380	NA
ATHE_RS01385	Athe_0285
ATHE_RS01390	NA
ATHE_RS01395	NA
ATHE_RS01400	Athe_0289
ATHE_RS01405	Athe_0290
ATHE_RS01410	Athe_0291
ATHE_RS01415	NA
ATHE_RS01420	NA
ATHE_RS01425	NA
ATHE_RS01430	NA
ATHE_RS01435	NA
ATHE_RS01440	Athe_0296
ATHE_RS01445	Athe_0297
ATHE_RS01450	Athe_0298
ATHE_RS01455	Athe_0299
ATHE_RS01460	Athe_0300
ATHE_RS01465	Athe_0301
ATHE_RS01470	Athe_0302
ATHE_RS01475	Athe_0303
ATHE_RS01480	Athe_0304
ATHE_RS01485	Athe_0305
ATHE_RS01490	Athe_0306
ATHE_RS01495	Athe_0307
ATHE_RS01500	Athe_0308
ATHE_RS01505	Athe_0309
ATHE_RS01510	Athe_0310
ATHE_RS01515	Athe_0311
ATHE_RS01520	Athe_0312
ATHE_RS01525	Athe_0313
ATHE_RS01530	Athe_0314
ATHE_RS01535	Athe_0315
ATHE_RS01540	Athe_0316
ATHE_RS01545	Athe_0317
ATHE_RS01550	Athe_0318
ATHE_RS01555	Athe_0319
ATHE_RS01560	Athe_0320
ATHE_RS01565	Athe_0321
ATHE_RS01570	Athe_0322
ATHE_RS01575	Athe_0323
ATHE_RS01580	Athe_0324
ATHE_RS01585	Athe_0325
ATHE_RS14465	Athe_0326
ATHE_RS01590	Athe_0327
ATHE_RS01595	Athe_0328
ATHE_RS01600	Athe_0329
ATHE_RS01605	Athe_0330
ATHE_RS14060	Athe_0331
ATHE_RS01615	NA
ATHE_RS01620	NA
ATHE_RS14180	Athe_0334
ATHE_RS01635	Athe_0336
ATHE_RS01640	Athe_0337
ATHE_RS01645	Athe_0339
ATHE_RS01650	Athe_0340
ATHE_RS01655	Athe_0341
ATHE_RS01660	Athe_0342
ATHE_RS01665	Athe_0343
ATHE_RS01670	Athe_0344
ATHE_RS01675	Athe_0345
ATHE_RS01680	Athe_0346
ATHE_RS01685	Athe_0347
ATHE_RS01690	Athe_0348
ATHE_RS01695	Athe_0349
ATHE_RS01700	Athe_0350
ATHE_RS14185	Athe_0351
ATHE_RS01710	Athe_0352
ATHE_RS14065	Athe_0353
ATHE_RS01720	Athe_0354
ATHE_RS01725	Athe_0355
ATHE_RS01730	Athe_0357
ATHE_RS01735	Athe_0358
ATHE_RS01740	Athe_0359
ATHE_RS01745	Athe_0360
ATHE_RS01750	Athe_0361
ATHE_RS01755	Athe_0362
ATHE_RS01760	Athe_0363
ATHE_RS01765	Athe_0364
ATHE_RS01770	Athe_0365
ATHE_RS01775	Athe_0366
ATHE_RS01780	Athe_0367
ATHE_RS01785	Athe_0368
ATHE_RS01790	Athe_0369
ATHE_RS01795	Athe_0370
ATHE_RS01800	Athe_0371
ATHE_RS01805	Athe_0372
ATHE_RS01810	Athe_0373
ATHE_RS01815	NA
ATHE_RS14070	Athe_0375
ATHE_RS01830	Athe_0376
ATHE_RS01835	Athe_0377
ATHE_RS01840	Athe_0378
ATHE_RS01845	Athe_0379
ATHE_RS14190	Athe_0380
ATHE_RS01855	Athe_0381
ATHE_RS01860	Athe_0382
ATHE_RS01865	Athe_0383
ATHE_RS01870	Athe_0384
ATHE_RS01875	Athe_0386
ATHE_RS01880	Athe_0387
ATHE_RS01885	Athe_0388
ATHE_RS01890	Athe_0389
ATHE_RS01895	Athe_0390
ATHE_RS01900	Athe_0391
ATHE_RS01905	Athe_0392
ATHE_RS01910	Athe_0393
ATHE_RS01915	Athe_0394
ATHE_RS01920	Athe_0395
ATHE_RS01925	Athe_0396
ATHE_RS01955	Athe_0397
ATHE_RS01960	Athe_0398
ATHE_RS01965	Athe_0399
ATHE_RS01970	Athe_0400
ATHE_RS01975	Athe_0401
ATHE_RS01980	Athe_0402
ATHE_RS01985	Athe_0403
ATHE_RS01990	NA
ATHE_RS01995	Athe_0406
ATHE_RS02000	Athe_0407
ATHE_RS02005	NA
ATHE_RS02010	Athe_0410
ATHE_RS02015	Athe_0411
ATHE_RS02020	Athe_0412
ATHE_RS02025	Athe_0413
ATHE_RS14195	Athe_0414
ATHE_RS02040	Athe_0415
ATHE_RS02045	Athe_0416
ATHE_RS02050	Athe_0417
ATHE_RS02055	Athe_0418
ATHE_RS02060	Athe_0419
ATHE_RS02065	Athe_0420
ATHE_RS02070	Athe_0421
ATHE_RS02075	Athe_0422
ATHE_RS02080	Athe_0423
ATHE_RS02085	Athe_0424
ATHE_RS02090	Athe_0425
ATHE_RS02095	Athe_0426
ATHE_RS02100	Athe_0427
ATHE_RS02105	Athe_0428
ATHE_RS02110	Athe_0429
ATHE_RS02115	Athe_0430
ATHE_RS02120	Athe_0431
ATHE_RS02125	Athe_0432
ATHE_RS02130	Athe_0433
ATHE_RS02135	Athe_0434
ATHE_RS02140	Athe_0435
ATHE_RS02145	Athe_0436
ATHE_RS02150	Athe_0437
ATHE_RS02155	Athe_0438
ATHE_RS02160	Athe_0439
ATHE_RS02165	Athe_0440
ATHE_RS02170	Athe_0441
ATHE_RS02175	Athe_0442
ATHE_RS02180	Athe_0443
ATHE_RS02185	Athe_0444
ATHE_RS02190	Athe_0445
ATHE_RS02195	Athe_0446
ATHE_RS02200	Athe_0447
ATHE_RS02205	Athe_0448
ATHE_RS02210	Athe_0449
ATHE_RS02220	Athe_0450
ATHE_RS02225	Athe_0451
ATHE_RS02230	Athe_0452
ATHE_RS02235	Athe_0453
ATHE_RS02240	Athe_0454
ATHE_RS02245	Athe_0455
ATHE_RS02250	Athe_0456
ATHE_RS02255	Athe_0457
ATHE_RS02260	Athe_0458
ATHE_RS02265	Athe_0459
ATHE_RS02270	Athe_0460
ATHE_RS02275	Athe_0461
ATHE_RS02280	Athe_0462
ATHE_RS02285	Athe_0463
ATHE_RS02290	Athe_0464
ATHE_RS02295	Athe_0465
ATHE_RS02300	Athe_0466
ATHE_RS02305	Athe_0467
ATHE_RS02310	Athe_0468
ATHE_RS02315	Athe_0469
ATHE_RS02320	Athe_0470
ATHE_RS02325	NA
ATHE_RS02330	Athe_0472
ATHE_RS02335	Athe_0473
ATHE_RS02340	Athe_0474
ATHE_RS02345	NA
ATHE_RS02350	Athe_0476
ATHE_RS02355	Athe_0477
ATHE_RS02360	Athe_0478
ATHE_RS02365	Athe_0479
ATHE_RS02370	NA
ATHE_RS02375	Athe_0481
ATHE_RS02380	Athe_0482
ATHE_RS02385	Athe_0483
ATHE_RS14205	Athe_0484
ATHE_RS02400	Athe_0486
ATHE_RS02405	NA
ATHE_RS02410	NA
ATHE_RS02415	NA
ATHE_RS02420	Athe_0490
ATHE_RS02425	NA
ATHE_RS02430	Athe_0492
ATHE_RS14210	Athe_0493
ATHE_RS02440	NA
ATHE_RS02445	NA
ATHE_RS02450	NA
ATHE_RS02455	Athe_0496
ATHE_RS02460	Athe_0497
ATHE_RS02465	Athe_0498
ATHE_RS02470	Athe_0499
ATHE_RS02475	Athe_0500
ATHE_RS02480	Athe_0501
ATHE_RS02485	Athe_0502
ATHE_RS02490	Athe_0503
ATHE_RS02495	Athe_0504
ATHE_RS02500	Athe_0505
ATHE_RS02505	Athe_0507
ATHE_RS02510	Athe_0508
ATHE_RS02515	Athe_0509
ATHE_RS02520	Athe_0510
ATHE_RS02525	Athe_0511
ATHE_RS02530	Athe_0512
ATHE_RS02535	Athe_0513
ATHE_RS02540	Athe_0514
ATHE_RS02545	Athe_0515
ATHE_RS02550	Athe_0516
ATHE_RS02555	Athe_0517
ATHE_RS02560	Athe_0518
ATHE_RS02565	Athe_0519
ATHE_RS02570	Athe_0520
ATHE_RS14215	NA
ATHE_RS02585	Athe_0523
ATHE_RS02590	Athe_0524
ATHE_RS02595	Athe_0525
ATHE_RS02600	Athe_0526
ATHE_RS02605	Athe_0527
ATHE_RS02610	Athe_0528
ATHE_RS02615	Athe_0529
ATHE_RS02620	Athe_0530
ATHE_RS02625	Athe_0531
ATHE_RS02630	Athe_0532
ATHE_RS02635	Athe_0533
ATHE_RS02640	Athe_0534
ATHE_RS02645	Athe_0535
ATHE_RS02650	Athe_0536
ATHE_RS02655	Athe_0537
ATHE_RS02665	Athe_0538
ATHE_RS02670	Athe_0539
ATHE_RS02675	Athe_0540
ATHE_RS02680	Athe_0541
ATHE_RS02685	Athe_0542
ATHE_RS02690	Athe_0543
ATHE_RS02695	Athe_0544
ATHE_RS02700	Athe_0545
ATHE_RS02705	Athe_0546
ATHE_RS02710	Athe_0547
ATHE_RS02715	Athe_0548
ATHE_RS02720	Athe_0549
ATHE_RS02725	Athe_0550
ATHE_RS14225	NA
ATHE_RS02730	Athe_0551
ATHE_RS02735	Athe_0552
ATHE_RS02740	Athe_0553
ATHE_RS02745	Athe_0554
ATHE_RS02750	Athe_0555
ATHE_RS02755	Athe_0556
ATHE_RS02760	Athe_0557
ATHE_RS02765	Athe_0558
ATHE_RS02770	Athe_0559
ATHE_RS02775	Athe_0560
ATHE_RS02780	Athe_0561
ATHE_RS02785	Athe_0562
ATHE_RS02790	Athe_0563
ATHE_RS02795	Athe_0564
ATHE_RS02805	Athe_0565
ATHE_RS02810	Athe_0566
ATHE_RS02815	Athe_0567
ATHE_RS02820	Athe_0568
ATHE_RS02825	Athe_0569
ATHE_RS02830	Athe_0570
ATHE_RS02835	Athe_0571
ATHE_RS02840	Athe_0572
ATHE_RS02845	Athe_0573
ATHE_RS02850	Athe_0574
ATHE_RS02855	Athe_0575
ATHE_RS02860	Athe_0576
ATHE_RS02865	Athe_0577
ATHE_RS02870	Athe_0578
ATHE_RS02875	Athe_0579
ATHE_RS02880	Athe_0580
ATHE_RS02885	Athe_0581
ATHE_RS02890	Athe_0582
ATHE_RS02895	Athe_0583
ATHE_RS02900	Athe_0584
ATHE_RS02905	Athe_0585
ATHE_RS02910	Athe_0586
ATHE_RS02915	Athe_0587
ATHE_RS02920	Athe_0588
ATHE_RS02925	Athe_0589
ATHE_RS02930	Athe_0590
ATHE_RS02935	Athe_0591
ATHE_RS02940	Athe_0592
ATHE_RS02945	Athe_0593
ATHE_RS02950	Athe_0594
ATHE_RS02955	Athe_0595
ATHE_RS02960	Athe_0596
ATHE_RS02965	Athe_0597
ATHE_RS02970	Athe_0598
ATHE_RS02975	Athe_0599
ATHE_RS02980	Athe_0600
ATHE_RS02985	Athe_0601
ATHE_RS02990	Athe_0602
ATHE_RS02995	Athe_0603
ATHE_RS03000	Athe_0604
ATHE_RS03005	Athe_0605
ATHE_RS03010	NA
ATHE_RS03015	Athe_0607
ATHE_RS03020	Athe_0608
ATHE_RS03025	NA
ATHE_RS03030	Athe_0609
ATHE_RS03035	Athe_0610
ATHE_RS14230	Athe_0611
ATHE_RS03050	Athe_0612
ATHE_RS03055	Athe_0613
ATHE_RS03060	Athe_0614
ATHE_RS03065	Athe_0615
ATHE_RS03070	Athe_0616
ATHE_RS03075	Athe_0617
ATHE_RS03080	Athe_0618
ATHE_RS03085	Athe_0619
ATHE_RS03090	Athe_0620
ATHE_RS03095	Athe_0621
ATHE_RS14235	Athe_0622
ATHE_RS03100	Athe_0623
ATHE_RS03105	Athe_0624
ATHE_RS03110	Athe_0625
ATHE_RS03115	Athe_0626
ATHE_RS03120	Athe_0627
ATHE_RS03125	Athe_0628
ATHE_RS03130	Athe_0629
ATHE_RS03135	Athe_0630
ATHE_RS03140	Athe_0631
ATHE_RS03145	Athe_0632
ATHE_RS03150	Athe_0633
ATHE_RS03155	Athe_0634
ATHE_RS03160	Athe_0635
ATHE_RS03165	Athe_0636
ATHE_RS03170	Athe_0637
ATHE_RS03175	Athe_0638
ATHE_RS03180	Athe_0639
ATHE_RS03185	Athe_0640
ATHE_RS03190	Athe_0641
ATHE_RS03195	Athe_0642
ATHE_RS03200	Athe_0643
ATHE_RS03205	Athe_0644
ATHE_RS03210	Athe_0645
ATHE_RS03215	Athe_0646
ATHE_RS03220	Athe_0647
ATHE_RS03225	Athe_0648
ATHE_RS03230	Athe_0649
ATHE_RS03235	Athe_0650
ATHE_RS03240	Athe_0651
ATHE_RS03245	Athe_0652
ATHE_RS03250	Athe_0653
ATHE_RS03255	Athe_0654
ATHE_RS03260	Athe_0655
ATHE_RS14240	NA
ATHE_RS03270	Athe_0656
ATHE_RS03275	Athe_0657
ATHE_RS03280	Athe_0658
ATHE_RS03285	Athe_0659
ATHE_RS03290	Athe_0660
ATHE_RS03295	Athe_0661
ATHE_RS03300	Athe_0662
ATHE_RS03305	Athe_0663
ATHE_RS03310	NA
ATHE_RS03315	Athe_0664
ATHE_RS03320	Athe_0665
ATHE_RS03325	Athe_0666
ATHE_RS03330	NA
ATHE_RS14245	NA
ATHE_RS03335	Athe_0668
ATHE_RS14470	Athe_0669
ATHE_RS03340	NA
ATHE_RS03345	NA
ATHE_RS03350	Athe_0673
ATHE_RS03355	Athe_0674
ATHE_RS03360	Athe_0675
ATHE_RS03365	Athe_0676
ATHE_RS03370	Athe_0677
ATHE_RS03375	Athe_0678
ATHE_RS03380	Athe_0679
ATHE_RS03385	Athe_0680
ATHE_RS03390	NA
ATHE_RS03395	NA
ATHE_RS03400	Athe_0684
ATHE_RS03405	NA
ATHE_RS03415	Athe_0686
ATHE_RS03420	Athe_0687
ATHE_RS03425	Athe_0688
ATHE_RS03430	Athe_0689
ATHE_RS03435	Athe_0690
ATHE_RS03440	Athe_0691
ATHE_RS03445	Athe_0692
ATHE_RS03450	Athe_0693
ATHE_RS03455	NA
ATHE_RS03460	Athe_0695
ATHE_RS03465	Athe_0696
ATHE_RS03470	Athe_0697
ATHE_RS03475	Athe_0698
ATHE_RS03480	Athe_0699
ATHE_RS03485	Athe_0700
ATHE_RS03490	Athe_0701
ATHE_RS03495	Athe_0702
ATHE_RS03500	Athe_0703
ATHE_RS03505	Athe_0704
ATHE_RS03510	Athe_0705
ATHE_RS03515	Athe_0706
ATHE_RS03520	Athe_0707
ATHE_RS03525	Athe_0708
ATHE_RS03530	Athe_0709
ATHE_RS03535	Athe_0710
ATHE_RS03540	Athe_0711
ATHE_RS03545	Athe_0712
ATHE_RS03550	Athe_0713
ATHE_RS03555	Athe_0714
ATHE_RS03560	Athe_0715
ATHE_RS03565	Athe_0716
ATHE_RS03570	Athe_0717
ATHE_RS03575	NA
ATHE_RS14080	Athe_0720
ATHE_RS14085	Athe_0721
ATHE_RS03585	Athe_0722
ATHE_RS03590	Athe_0723
ATHE_RS03595	Athe_0724
ATHE_RS03600	Athe_0725
ATHE_RS03605	Athe_0726
ATHE_RS03610	Athe_0727
ATHE_RS03615	Athe_0728
ATHE_RS03620	Athe_0729
ATHE_RS03625	Athe_0730
ATHE_RS03630	Athe_0731
ATHE_RS03635	Athe_0732
ATHE_RS03640	Athe_0733
ATHE_RS03645	Athe_0734
ATHE_RS03650	Athe_0735
ATHE_RS03655	Athe_0736
ATHE_RS03660	Athe_0737
ATHE_RS03665	Athe_0738
ATHE_RS03670	Athe_0739
ATHE_RS03675	Athe_0740
ATHE_RS03680	Athe_0741
ATHE_RS03685	Athe_0742
ATHE_RS03690	Athe_0743
ATHE_RS03695	Athe_0744
ATHE_RS03700	Athe_0745
ATHE_RS03705	Athe_0746
ATHE_RS03710	Athe_0747
ATHE_RS03720	Athe_0748
ATHE_RS03725	Athe_0749
ATHE_RS03730	Athe_0750
ATHE_RS03735	Athe_0751
ATHE_RS03740	Athe_0752
ATHE_RS03745	Athe_0753
ATHE_RS03750	Athe_0754
ATHE_RS03755	Athe_0755
ATHE_RS03785	Athe_0756
ATHE_RS03790	Athe_0757
ATHE_RS03795	Athe_0758
ATHE_RS03800	Athe_0759
ATHE_RS03805	Athe_0760
ATHE_RS03810	Athe_0761
ATHE_RS03815	Athe_0762
ATHE_RS03820	Athe_0763
ATHE_RS03825	Athe_0764
ATHE_RS03830	Athe_0765
ATHE_RS03835	Athe_0766
ATHE_RS03840	Athe_0767
ATHE_RS03845	Athe_0768
ATHE_RS03850	Athe_0769
ATHE_RS03855	Athe_0770
ATHE_RS03860	Athe_0771
ATHE_RS03865	Athe_0772
ATHE_RS03870	Athe_0773
ATHE_RS03875	Athe_0774
ATHE_RS03880	Athe_0775
ATHE_RS03885	Athe_0776
ATHE_RS03890	Athe_0777
ATHE_RS03895	Athe_0778
ATHE_RS03900	Athe_0779
ATHE_RS03905	Athe_0780
ATHE_RS03910	Athe_0781
ATHE_RS03915	Athe_0782
ATHE_RS03920	Athe_0783
ATHE_RS03925	Athe_0784
ATHE_RS03930	Athe_0785
ATHE_RS03935	Athe_0786
ATHE_RS03940	Athe_0787
ATHE_RS03945	Athe_0788
ATHE_RS03950	Athe_0789
ATHE_RS03955	Athe_0790
ATHE_RS03960	Athe_0791
ATHE_RS03965	Athe_0792
ATHE_RS03970	Athe_0793
ATHE_RS03975	Athe_0794
ATHE_RS03980	Athe_0795
ATHE_RS03985	Athe_0796
ATHE_RS03990	Athe_0797
ATHE_RS03995	Athe_0798
ATHE_RS04000	Athe_0799
ATHE_RS04005	Athe_0800
ATHE_RS04010	Athe_0801
ATHE_RS04015	Athe_0802
ATHE_RS04020	Athe_0803
ATHE_RS04025	Athe_0804
ATHE_RS04030	Athe_0805
ATHE_RS04035	Athe_0806
ATHE_RS04040	Athe_0807
ATHE_RS04045	Athe_0808
ATHE_RS04050	Athe_0809
ATHE_RS04055	Athe_0810
ATHE_RS04060	Athe_0811
ATHE_RS04065	Athe_0812
ATHE_RS04070	Athe_0813
ATHE_RS04075	Athe_0814
ATHE_RS04080	Athe_0815
ATHE_RS04085	Athe_0816
ATHE_RS04090	Athe_0817
ATHE_RS04095	Athe_0818
ATHE_RS04100	Athe_0819
ATHE_RS04105	Athe_0820
ATHE_RS04110	Athe_0821
ATHE_RS04115	Athe_0822
ATHE_RS04120	Athe_0823
ATHE_RS04125	Athe_0824
ATHE_RS04130	Athe_0825
ATHE_RS04135	Athe_0826
ATHE_RS04140	Athe_0827
ATHE_RS04145	Athe_0828
ATHE_RS04150	Athe_0829
ATHE_RS04155	Athe_0830
ATHE_RS04160	Athe_0831
ATHE_RS04165	Athe_0832
ATHE_RS04170	Athe_0833
ATHE_RS04175	Athe_0834
ATHE_RS04180	Athe_0835
ATHE_RS04185	Athe_0836
ATHE_RS04190	Athe_0837
ATHE_RS04195	Athe_0838
ATHE_RS04200	Athe_0839
ATHE_RS04205	Athe_0840
ATHE_RS04210	Athe_0841
ATHE_RS04215	Athe_0842
ATHE_RS04220	Athe_0843
ATHE_RS04225	Athe_0844
ATHE_RS04230	Athe_0845
ATHE_RS04235	Athe_0846
ATHE_RS04240	Athe_0847
ATHE_RS04245	Athe_0848
ATHE_RS04250	Athe_0849
ATHE_RS04255	Athe_0850
ATHE_RS04260	Athe_0851
ATHE_RS04265	Athe_0852
ATHE_RS04270	Athe_0853
ATHE_RS04275	Athe_0854
ATHE_RS04280	Athe_0855
ATHE_RS04285	Athe_0856
ATHE_RS04290	Athe_0857
ATHE_RS04295	NA
ATHE_RS04300	NA
ATHE_RS04305	Athe_0859
ATHE_RS04310	Athe_0860
ATHE_RS04315	Athe_0861
ATHE_RS04320	NA
ATHE_RS04325	Athe_0863
ATHE_RS04330	NA
ATHE_RS04335	Athe_0864
ATHE_RS14090	Athe_0865
ATHE_RS04350	Athe_0867
ATHE_RS04355	Athe_0868
ATHE_RS04360	NA
ATHE_RS04365	Athe_0870
ATHE_RS04370	Athe_0871
ATHE_RS04380	Athe_0872
ATHE_RS04385	Athe_0873
ATHE_RS04390	Athe_0874
ATHE_RS04395	Athe_0875
ATHE_RS04400	Athe_0876
ATHE_RS04405	Athe_0877
ATHE_RS04410	Athe_0878
ATHE_RS04415	Athe_0879
ATHE_RS04420	Athe_0880
ATHE_RS04425	Athe_0881
ATHE_RS04430	Athe_0882
ATHE_RS04435	Athe_0883
ATHE_RS04440	Athe_0884
ATHE_RS04445	Athe_0885
ATHE_RS04450	Athe_0886
ATHE_RS04455	NA
ATHE_RS04460	Athe_0887
ATHE_RS04465	Athe_0889
ATHE_RS04470	Athe_0890
ATHE_RS04475	Athe_0891
ATHE_RS04480	Athe_0892
ATHE_RS04485	Athe_0893
ATHE_RS04490	NA
ATHE_RS04495	Athe_0894
ATHE_RS04500	Athe_0895
ATHE_RS04505	Athe_0896
ATHE_RS04510	NA
ATHE_RS14260	Athe_0898
ATHE_RS04520	Athe_0899
ATHE_RS04525	Athe_0900
ATHE_RS04530	NA
ATHE_RS14265	Athe_0903
ATHE_RS04535	Athe_0904
ATHE_RS04540	NA
ATHE_RS04545	Athe_0906
ATHE_RS04550	NA
ATHE_RS04555	NA
ATHE_RS04560	Athe_0908
ATHE_RS04565	Athe_0909
ATHE_RS04570	Athe_0910
ATHE_RS04575	Athe_0911
ATHE_RS04580	Athe_0912
ATHE_RS04585	Athe_0913
ATHE_RS14475	NA
ATHE_RS04590	NA
ATHE_RS04595	Athe_0915
ATHE_RS04600	NA
ATHE_RS04605	Athe_0917
ATHE_RS04610	NA
ATHE_RS04615	Athe_0920
ATHE_RS04620	Athe_0921
ATHE_RS04625	Athe_0922
ATHE_RS04630	Athe_0923
ATHE_RS04635	Athe_0924
ATHE_RS04640	Athe_0925
ATHE_RS04645	Athe_0926
ATHE_RS04650	Athe_0927
ATHE_RS04655	Athe_0928
ATHE_RS04660	Athe_0930
ATHE_RS04665	Athe_0931
ATHE_RS04670	Athe_0932
ATHE_RS04675	Athe_0933
ATHE_RS04680	Athe_0934
ATHE_RS04685	Athe_0935
ATHE_RS04690	Athe_0936
ATHE_RS04695	Athe_0937
ATHE_RS04700	Athe_0938
ATHE_RS04705	Athe_0939
ATHE_RS04710	Athe_0940
ATHE_RS04715	Athe_0941
ATHE_RS04720	Athe_0942
ATHE_RS04725	Athe_0943
ATHE_RS04730	Athe_0944
ATHE_RS04735	NA
ATHE_RS04740	Athe_0947
ATHE_RS04745	Athe_0948
ATHE_RS04750	Athe_0949
ATHE_RS04755	NA
ATHE_RS14480	NA
ATHE_RS04765	Athe_0952
ATHE_RS04770	Athe_0953
ATHE_RS04775	Athe_0954
ATHE_RS04780	Athe_0955
ATHE_RS04785	Athe_0956
ATHE_RS04790	Athe_0957
ATHE_RS04795	NA
ATHE_RS04800	Athe_0959
ATHE_RS04805	Athe_0960
ATHE_RS04810	Athe_0961
ATHE_RS04815	Athe_0962
ATHE_RS04820	Athe_0963
ATHE_RS04825	Athe_0964
ATHE_RS04830	Athe_0965
ATHE_RS04835	Athe_0966
ATHE_RS04840	Athe_0967
ATHE_RS04845	Athe_0968
ATHE_RS04850	Athe_0969
ATHE_RS04855	Athe_0970
ATHE_RS04860	NA
ATHE_RS04865	Athe_0972
ATHE_RS04870	Athe_0973
ATHE_RS04875	Athe_0974
ATHE_RS04880	Athe_0975
ATHE_RS04885	Athe_0976
ATHE_RS04890	Athe_0977
ATHE_RS04895	Athe_0978
ATHE_RS04900	Athe_0979
ATHE_RS04905	Athe_0980
ATHE_RS04910	NA
ATHE_RS04915	Athe_0982
ATHE_RS04920	Athe_0983
ATHE_RS04925	Athe_0984
ATHE_RS04930	Athe_0985
ATHE_RS04935	Athe_0986
ATHE_RS04940	Athe_0987
ATHE_RS04945	Athe_0988
ATHE_RS04950	Athe_0989
ATHE_RS04955	Athe_0990
ATHE_RS04960	Athe_0991
ATHE_RS04965	Athe_0992
ATHE_RS04970	Athe_0993
ATHE_RS04975	Athe_0994
ATHE_RS04980	Athe_0995
ATHE_RS04985	Athe_0996
ATHE_RS04990	Athe_0997
ATHE_RS04995	Athe_0998
ATHE_RS05000	Athe_0999
ATHE_RS05005	Athe_1000
ATHE_RS05010	Athe_1001
ATHE_RS05015	Athe_1002
ATHE_RS05020	Athe_1003
ATHE_RS05025	Athe_1004
ATHE_RS05030	Athe_1005
ATHE_RS05035	Athe_1006
ATHE_RS05040	Athe_1007
ATHE_RS05045	Athe_1008
ATHE_RS05050	Athe_1009
ATHE_RS05055	Athe_1010
ATHE_RS05060	Athe_1011
ATHE_RS05065	Athe_1012
ATHE_RS05070	Athe_1013
ATHE_RS05075	Athe_1014
ATHE_RS05080	Athe_1015
ATHE_RS05085	Athe_1016
ATHE_RS05090	Athe_1017
ATHE_RS05095	Athe_1018
ATHE_RS05100	Athe_1019
ATHE_RS05105	Athe_1020
ATHE_RS05110	Athe_1021
ATHE_RS05115	Athe_1022
ATHE_RS05120	Athe_1024
ATHE_RS05125	Athe_1025
ATHE_RS05130	Athe_1026
ATHE_RS14095	Athe_1027
ATHE_RS05140	Athe_1028
ATHE_RS05145	Athe_1029
ATHE_RS05155	Athe_1030
ATHE_RS05160	Athe_1031
ATHE_RS05165	Athe_1032
ATHE_RS05170	Athe_1033
ATHE_RS05175	Athe_1034
ATHE_RS05180	Athe_1035
ATHE_RS05185	Athe_1036
ATHE_RS05190	Athe_1037
ATHE_RS05195	Athe_1038
ATHE_RS05200	Athe_1039
ATHE_RS05205	Athe_1040
ATHE_RS05210	Athe_1041
ATHE_RS05215	Athe_1042
ATHE_RS05220	Athe_1043
ATHE_RS05225	Athe_1044
ATHE_RS05230	Athe_1045
ATHE_RS05235	Athe_1046
ATHE_RS05240	Athe_1047
ATHE_RS05245	Athe_1048
ATHE_RS05250	Athe_1049
ATHE_RS05255	Athe_1050
ATHE_RS05260	Athe_1051
ATHE_RS05265	Athe_1052
ATHE_RS05270	Athe_1053
ATHE_RS05275	Athe_1054
ATHE_RS05280	Athe_1055
ATHE_RS05285	Athe_1056
ATHE_RS05290	Athe_1057
ATHE_RS05295	Athe_1058
ATHE_RS05300	Athe_1059
ATHE_RS05305	Athe_1060
ATHE_RS05310	Athe_1061
ATHE_RS05315	Athe_1062
ATHE_RS05320	Athe_1063
ATHE_RS05325	Athe_1064
ATHE_RS05330	Athe_1065
ATHE_RS05335	Athe_1066
ATHE_RS05340	Athe_1067
ATHE_RS05345	Athe_1068
ATHE_RS05350	Athe_1069
ATHE_RS05355	Athe_1070
ATHE_RS05360	Athe_1071
ATHE_RS05365	Athe_1072
ATHE_RS05370	Athe_1073
ATHE_RS05375	Athe_1074
ATHE_RS05380	Athe_1075
ATHE_RS05385	Athe_1076
ATHE_RS05390	Athe_1077
ATHE_RS05395	Athe_1078
ATHE_RS05400	Athe_1079
ATHE_RS05405	Athe_1080
ATHE_RS05410	Athe_1081
ATHE_RS05415	Athe_1082
ATHE_RS05420	Athe_1083
ATHE_RS05425	Athe_1084
ATHE_RS05430	Athe_1085
ATHE_RS05435	Athe_1086
ATHE_RS05440	Athe_1087
ATHE_RS05445	Athe_1088
ATHE_RS05450	Athe_1089
ATHE_RS05455	Athe_1090
ATHE_RS05460	Athe_1091
ATHE_RS05465	Athe_1092
ATHE_RS05470	Athe_1093
ATHE_RS05475	Athe_1094
ATHE_RS05480	Athe_1095
ATHE_RS05485	Athe_1096
ATHE_RS05490	Athe_1097
ATHE_RS05495	Athe_1098
ATHE_RS05500	Athe_1099
ATHE_RS05505	Athe_1100
ATHE_RS05510	Athe_1101
ATHE_RS05515	Athe_1102
ATHE_RS05520	Athe_1103
ATHE_RS05525	Athe_1104
ATHE_RS05530	Athe_1105
ATHE_RS05535	Athe_1106
ATHE_RS05540	Athe_1107
ATHE_RS14100	Athe_1108
ATHE_RS05550	Athe_1109
ATHE_RS05555	Athe_1110
ATHE_RS05560	Athe_1111
ATHE_RS05565	Athe_1112
ATHE_RS05570	Athe_1113
ATHE_RS05575	Athe_1114
ATHE_RS05580	Athe_1115
ATHE_RS05585	Athe_1116
ATHE_RS05590	Athe_1117
ATHE_RS05595	NA
ATHE_RS05600	Athe_1119
ATHE_RS05605	Athe_1120
ATHE_RS05610	Athe_1121
ATHE_RS05615	Athe_1122
ATHE_RS05620	Athe_1123
ATHE_RS05625	Athe_1124
ATHE_RS05630	Athe_1125
ATHE_RS05635	Athe_1126
ATHE_RS05640	Athe_1127
ATHE_RS05645	Athe_1128
ATHE_RS05650	Athe_1129
ATHE_RS05655	Athe_1130
ATHE_RS05660	Athe_1131
ATHE_RS05665	Athe_1132
ATHE_RS05670	Athe_1133
ATHE_RS05675	Athe_1134
ATHE_RS05680	Athe_1135
ATHE_RS05685	Athe_1136
ATHE_RS05690	Athe_1137
ATHE_RS05695	Athe_1138
ATHE_RS05700	Athe_1139
ATHE_RS05705	Athe_1140
ATHE_RS05710	Athe_1141
ATHE_RS05715	Athe_1142
ATHE_RS05720	Athe_1143
ATHE_RS05725	Athe_1144
ATHE_RS05730	Athe_1145
ATHE_RS14270	Athe_1146
ATHE_RS05735	Athe_1147
ATHE_RS05740	Athe_1148
ATHE_RS05745	Athe_1149
ATHE_RS05750	Athe_1150
ATHE_RS05755	Athe_1151
ATHE_RS05760	Athe_1152
ATHE_RS05765	Athe_1153
ATHE_RS05770	Athe_1154
ATHE_RS05775	Athe_1155
ATHE_RS05780	Athe_1156
ATHE_RS05785	Athe_1157
ATHE_RS05790	Athe_1158
ATHE_RS05795	Athe_1159
ATHE_RS05800	Athe_1160
ATHE_RS05805	Athe_1161
ATHE_RS05810	Athe_1162
ATHE_RS05815	Athe_1163
ATHE_RS05820	Athe_1164
ATHE_RS05825	Athe_1165
ATHE_RS05830	NA
ATHE_RS05835	Athe_1167
ATHE_RS05840	Athe_1168
ATHE_RS05845	Athe_1169
ATHE_RS05850	Athe_1170
ATHE_RS05855	Athe_1171
ATHE_RS05860	Athe_1172
ATHE_RS05865	Athe_1173
ATHE_RS05870	Athe_1174
ATHE_RS05875	Athe_1175
ATHE_RS05880	Athe_1176
ATHE_RS05885	Athe_1177
ATHE_RS05890	Athe_1178
ATHE_RS05895	Athe_1179
ATHE_RS05900	Athe_1180
ATHE_RS05905	Athe_1181
ATHE_RS05910	Athe_1182
ATHE_RS05915	Athe_1183
ATHE_RS05920	Athe_1184
ATHE_RS05925	Athe_1185
ATHE_RS05930	Athe_1186
ATHE_RS05935	Athe_1187
ATHE_RS05940	Athe_1188
ATHE_RS05945	Athe_1189
ATHE_RS05950	Athe_1190
ATHE_RS05955	Athe_1191
ATHE_RS05960	Athe_1192
ATHE_RS05965	Athe_1193
ATHE_RS05970	Athe_1194
ATHE_RS05975	Athe_1195
ATHE_RS05980	Athe_1196
ATHE_RS05985	Athe_1197
ATHE_RS05990	Athe_1198
ATHE_RS05995	Athe_1199
ATHE_RS06000	Athe_1200
ATHE_RS06005	Athe_1201
ATHE_RS06010	Athe_1202
ATHE_RS06015	Athe_1204
ATHE_RS06020	Athe_1205
ATHE_RS06025	Athe_1206
ATHE_RS06030	Athe_1207
ATHE_RS06035	Athe_1208
ATHE_RS06040	Athe_1209
ATHE_RS06045	Athe_1210
ATHE_RS06050	Athe_1211
ATHE_RS06055	Athe_1212
ATHE_RS06060	Athe_1213
ATHE_RS06065	Athe_1214
ATHE_RS06070	Athe_1215
ATHE_RS06075	Athe_1216
ATHE_RS06080	Athe_1217
ATHE_RS06085	Athe_1218
ATHE_RS06090	Athe_1219
ATHE_RS06095	Athe_1220
ATHE_RS06100	Athe_1221
ATHE_RS06105	Athe_1222
ATHE_RS06110	Athe_1223
ATHE_RS06115	Athe_1224
ATHE_RS06120	Athe_1225
ATHE_RS06125	Athe_1226
ATHE_RS06130	Athe_1227
ATHE_RS06135	Athe_1228
ATHE_RS06140	Athe_1229
ATHE_RS06145	Athe_1230
ATHE_RS06150	Athe_1231
ATHE_RS06155	Athe_1232
ATHE_RS06160	Athe_1233
ATHE_RS06165	Athe_1234
ATHE_RS06170	Athe_1235
ATHE_RS06175	Athe_1236
ATHE_RS06180	Athe_1237
ATHE_RS06185	Athe_1238
ATHE_RS06190	Athe_1239
ATHE_RS06195	Athe_1240
ATHE_RS06200	Athe_1241
ATHE_RS06205	Athe_1242
ATHE_RS06210	Athe_1243
ATHE_RS06215	Athe_1244
ATHE_RS06220	Athe_1245
ATHE_RS06225	Athe_1246
ATHE_RS06230	Athe_1247
ATHE_RS06235	Athe_1248
ATHE_RS06240	Athe_1249
ATHE_RS06245	Athe_1250
ATHE_RS06250	Athe_1251
ATHE_RS06255	Athe_1252
ATHE_RS06260	Athe_1253
ATHE_RS06265	Athe_1254
ATHE_RS06270	Athe_1255
ATHE_RS06275	Athe_1256
ATHE_RS06280	Athe_1257
ATHE_RS06285	Athe_1258
ATHE_RS06290	Athe_1259
ATHE_RS06295	NA
ATHE_RS06300	Athe_1261
ATHE_RS06305	Athe_1262
ATHE_RS06310	Athe_1263
ATHE_RS06315	Athe_1264
ATHE_RS06320	Athe_1265
ATHE_RS06325	Athe_1266
ATHE_RS06330	Athe_1267
ATHE_RS06335	Athe_1268
ATHE_RS06340	Athe_1269
ATHE_RS06345	Athe_1270
ATHE_RS06350	Athe_1271
ATHE_RS06355	Athe_1272
ATHE_RS06360	Athe_1273
ATHE_RS06365	Athe_1274
ATHE_RS06370	Athe_1275
ATHE_RS06375	Athe_1276
ATHE_RS06380	Athe_1277
ATHE_RS06385	Athe_1278
ATHE_RS06390	Athe_1279
ATHE_RS06395	Athe_1280
ATHE_RS06400	Athe_1281
ATHE_RS06405	Athe_1282
ATHE_RS06410	Athe_1283
ATHE_RS06415	Athe_1284
ATHE_RS06420	Athe_1285
ATHE_RS06425	Athe_1286
ATHE_RS06430	NA
ATHE_RS06435	Athe_1287
ATHE_RS06440	Athe_1288
ATHE_RS06445	Athe_1289
ATHE_RS06450	Athe_1290
ATHE_RS06455	Athe_1291
ATHE_RS06460	Athe_1292
ATHE_RS06465	Athe_1293
ATHE_RS06470	Athe_1294
ATHE_RS06475	Athe_1295
ATHE_RS06480	Athe_1296
ATHE_RS06485	Athe_1297
ATHE_RS06490	Athe_1298
ATHE_RS06495	Athe_1299
ATHE_RS06500	Athe_1300
ATHE_RS06505	Athe_1301
ATHE_RS06510	Athe_1302
ATHE_RS06515	Athe_1303
ATHE_RS06520	Athe_1304
ATHE_RS06525	Athe_1305
ATHE_RS06530	Athe_1306
ATHE_RS06535	Athe_1307
ATHE_RS06540	Athe_1308
ATHE_RS06545	Athe_1309
ATHE_RS06550	Athe_1310
ATHE_RS06555	Athe_1311
ATHE_RS06560	Athe_1312
ATHE_RS06565	Athe_1313
ATHE_RS06570	Athe_1314
ATHE_RS06575	Athe_1315
ATHE_RS06580	Athe_1316
ATHE_RS06585	Athe_1317
ATHE_RS06590	Athe_1318
ATHE_RS06595	Athe_1319
ATHE_RS14275	Athe_1320
ATHE_RS06600	Athe_1321
ATHE_RS06605	Athe_1322
ATHE_RS06610	Athe_1323
ATHE_RS06615	Athe_1324
ATHE_RS06620	Athe_1325
ATHE_RS06625	Athe_1326
ATHE_RS06630	Athe_1327
ATHE_RS06635	Athe_1328
ATHE_RS06640	Athe_1330
ATHE_RS06645	Athe_1331
ATHE_RS06650	Athe_1332
ATHE_RS06655	Athe_1333
ATHE_RS06660	Athe_1334
ATHE_RS06665	Athe_1335
ATHE_RS06670	Athe_1336
ATHE_RS06675	Athe_1337
ATHE_RS06680	Athe_1338
ATHE_RS06685	Athe_1339
ATHE_RS06690	Athe_1340
ATHE_RS06695	Athe_1341
ATHE_RS06700	Athe_1342
ATHE_RS06705	Athe_1343
ATHE_RS06710	Athe_1344
ATHE_RS06715	Athe_1345
ATHE_RS06720	Athe_1346
ATHE_RS06725	Athe_1347
ATHE_RS06730	Athe_1348
ATHE_RS06735	Athe_1349
ATHE_RS06740	Athe_1350
ATHE_RS06745	Athe_1351
ATHE_RS06750	Athe_1352
ATHE_RS06755	Athe_1353
ATHE_RS06760	Athe_1354
ATHE_RS06765	Athe_1355
ATHE_RS06770	Athe_1356
ATHE_RS06775	Athe_1357
ATHE_RS06780	Athe_1358
ATHE_RS06785	Athe_1359
ATHE_RS06790	Athe_1360
ATHE_RS06795	Athe_1361
ATHE_RS06800	Athe_1362
ATHE_RS06805	Athe_1363
ATHE_RS06810	Athe_1364
ATHE_RS06815	Athe_1365
ATHE_RS06820	Athe_1366
ATHE_RS06825	Athe_1367
ATHE_RS06830	Athe_1368
ATHE_RS06835	Athe_1369
ATHE_RS06840	Athe_1370
ATHE_RS06845	Athe_1371
ATHE_RS06850	Athe_1372
ATHE_RS06855	Athe_1373
ATHE_RS06860	Athe_1374
ATHE_RS06865	Athe_1375
ATHE_RS06870	Athe_1376
ATHE_RS06875	Athe_1377
ATHE_RS06880	Athe_1378
ATHE_RS06885	Athe_1379
ATHE_RS06890	Athe_1380
ATHE_RS06895	Athe_1381
ATHE_RS06900	Athe_1382
ATHE_RS06905	Athe_1383
ATHE_RS06910	Athe_1384
ATHE_RS06915	Athe_1385
ATHE_RS06920	Athe_1386
ATHE_RS06925	Athe_1387
ATHE_RS06930	Athe_1388
ATHE_RS06935	Athe_1389
ATHE_RS06940	Athe_1390
ATHE_RS06945	Athe_1391
ATHE_RS06950	Athe_1392
ATHE_RS06955	Athe_1394
ATHE_RS06960	Athe_1395
ATHE_RS06965	Athe_1396
ATHE_RS06970	Athe_1397
ATHE_RS06975	NA
ATHE_RS06980	Athe_1399
ATHE_RS06985	Athe_1400
ATHE_RS06990	Athe_1401
ATHE_RS06995	Athe_1402
ATHE_RS07000	Athe_1403
ATHE_RS07005	Athe_1404
ATHE_RS07010	Athe_1405
ATHE_RS07015	Athe_1406
ATHE_RS07020	Athe_1407
ATHE_RS07025	Athe_1409
ATHE_RS07030	Athe_1410
ATHE_RS07035	Athe_1411
ATHE_RS07040	Athe_1412
ATHE_RS07045	Athe_1413
ATHE_RS07050	Athe_1414
ATHE_RS07055	Athe_1415
ATHE_RS07060	Athe_1416
ATHE_RS07065	Athe_1417
ATHE_RS07070	Athe_1418
ATHE_RS07075	Athe_1419
ATHE_RS07080	Athe_1420
ATHE_RS07085	Athe_1421
ATHE_RS07090	Athe_1422
ATHE_RS07095	Athe_1423
ATHE_RS07100	Athe_1424
ATHE_RS07105	Athe_1425
ATHE_RS07110	Athe_1426
ATHE_RS07115	Athe_1427
ATHE_RS07120	Athe_1428
ATHE_RS07125	Athe_1429
ATHE_RS07130	Athe_1430
ATHE_RS07135	Athe_1431
ATHE_RS07140	Athe_1432
ATHE_RS07145	Athe_1433
ATHE_RS07150	Athe_1434
ATHE_RS07155	Athe_1435
ATHE_RS07160	Athe_1436
ATHE_RS07165	Athe_1437
ATHE_RS07170	Athe_1438
ATHE_RS07175	Athe_1439
ATHE_RS07180	Athe_1440
ATHE_RS07185	Athe_1441
ATHE_RS07190	Athe_1442
ATHE_RS07195	Athe_1443
ATHE_RS07200	Athe_1444
ATHE_RS07205	Athe_1445
ATHE_RS07210	Athe_1446
ATHE_RS07215	Athe_1447
ATHE_RS07220	Athe_1448
ATHE_RS07225	Athe_1449
ATHE_RS07230	Athe_1450
ATHE_RS07235	Athe_1451
ATHE_RS07240	Athe_1452
ATHE_RS07245	Athe_1453
ATHE_RS07250	Athe_1454
ATHE_RS07255	Athe_1455
ATHE_RS07260	Athe_1456
ATHE_RS07265	Athe_1457
ATHE_RS07270	Athe_1458
ATHE_RS07275	Athe_1459
ATHE_RS07280	Athe_1460
ATHE_RS07285	Athe_1461
ATHE_RS07290	Athe_1462
ATHE_RS07295	Athe_1463
ATHE_RS07300	Athe_1464
ATHE_RS07305	Athe_1465
ATHE_RS07310	Athe_1466
ATHE_RS07315	Athe_1467
ATHE_RS07320	Athe_1468
ATHE_RS07325	Athe_1469
ATHE_RS07330	Athe_1470
ATHE_RS07335	Athe_1471
ATHE_RS07340	Athe_1472
ATHE_RS07345	Athe_1473
ATHE_RS07350	Athe_1474
ATHE_RS07355	Athe_1475
ATHE_RS07360	Athe_1476
ATHE_RS07365	Athe_1477
ATHE_RS07370	Athe_1478
ATHE_RS07375	Athe_1479
ATHE_RS07380	Athe_1480
ATHE_RS07385	Athe_1481
ATHE_RS07390	Athe_1482
ATHE_RS07395	Athe_1483
ATHE_RS07400	Athe_1484
ATHE_RS07405	Athe_1485
ATHE_RS07410	Athe_1486
ATHE_RS07415	Athe_1487
ATHE_RS07420	Athe_1488
ATHE_RS07425	Athe_1489
ATHE_RS07430	Athe_1490
ATHE_RS07435	Athe_1491
ATHE_RS07440	Athe_1492
ATHE_RS07445	Athe_1493
ATHE_RS07450	Athe_1494
ATHE_RS07455	Athe_1495
ATHE_RS07460	Athe_1496
ATHE_RS07465	Athe_1497
ATHE_RS07470	Athe_1498
ATHE_RS07475	Athe_1499
ATHE_RS07480	Athe_1500
ATHE_RS07485	Athe_1501
ATHE_RS07490	Athe_1502
ATHE_RS07495	Athe_1503
ATHE_RS07500	Athe_1504
ATHE_RS07505	Athe_1505
ATHE_RS07510	Athe_1506
ATHE_RS07515	Athe_1507
ATHE_RS07520	Athe_1508
ATHE_RS07525	Athe_1509
ATHE_RS07530	Athe_1510
ATHE_RS07535	Athe_1511
ATHE_RS07545	Athe_1512
ATHE_RS07550	Athe_1514
ATHE_RS07555	Athe_1515
ATHE_RS07560	Athe_1516
ATHE_RS07590	Athe_1517
ATHE_RS07595	Athe_1518
ATHE_RS07600	Athe_1519
ATHE_RS07605	Athe_1520
ATHE_RS07610	Athe_1521
ATHE_RS07615	Athe_1522
ATHE_RS07620	Athe_1523
ATHE_RS07625	Athe_1524
ATHE_RS07630	Athe_1525
ATHE_RS07635	Athe_1526
ATHE_RS07640	Athe_1527
ATHE_RS07645	Athe_1528
ATHE_RS07650	Athe_1529
ATHE_RS07655	Athe_1530
ATHE_RS07660	Athe_1531
ATHE_RS07665	Athe_1532
ATHE_RS07670	Athe_1533
ATHE_RS07675	Athe_1534
ATHE_RS07690	Athe_1535
ATHE_RS07695	Athe_1536
ATHE_RS07700	Athe_1537
ATHE_RS07705	Athe_1538
ATHE_RS07715	Athe_1539
ATHE_RS07720	Athe_1540
ATHE_RS07725	Athe_1541
ATHE_RS07730	Athe_1542
ATHE_RS07735	Athe_1543
ATHE_RS07740	Athe_1544
ATHE_RS07745	Athe_1545
ATHE_RS07750	Athe_1546
ATHE_RS07755	Athe_1547
ATHE_RS07760	Athe_1548
ATHE_RS07765	Athe_1549
ATHE_RS07770	Athe_1550
ATHE_RS07775	Athe_1551
ATHE_RS07780	Athe_1552
ATHE_RS07785	Athe_1553
ATHE_RS07790	Athe_1554
ATHE_RS07795	Athe_1555
ATHE_RS07800	Athe_1556
ATHE_RS07805	Athe_1557
ATHE_RS07810	Athe_1558
ATHE_RS07820	Athe_1559
ATHE_RS07825	Athe_1560
ATHE_RS07830	Athe_1561
ATHE_RS07835	Athe_1562
ATHE_RS07840	Athe_1563
ATHE_RS07845	Athe_1564
ATHE_RS07850	Athe_1565
ATHE_RS07855	Athe_1566
ATHE_RS07860	Athe_1567
ATHE_RS07865	Athe_1568
ATHE_RS07870	Athe_1569
ATHE_RS14285	NA
ATHE_RS14290	Athe_1570
ATHE_RS07880	NA
ATHE_RS14485	NA
ATHE_RS07890	Athe_1573
ATHE_RS07895	Athe_1574
ATHE_RS07900	Athe_1575
ATHE_RS07905	Athe_1576
ATHE_RS07910	Athe_1577
ATHE_RS07915	Athe_1578
ATHE_RS07920	Athe_1579
ATHE_RS07925	Athe_1580
ATHE_RS07930	Athe_1582
ATHE_RS07935	Athe_1583
ATHE_RS07940	Athe_1584
ATHE_RS07945	Athe_1585
ATHE_RS07950	Athe_1586
ATHE_RS07955	NA
ATHE_RS07960	Athe_1588
ATHE_RS07965	NA
ATHE_RS07970	Athe_1590
ATHE_RS07975	Athe_1591
ATHE_RS07980	Athe_1592
ATHE_RS07985	NA
ATHE_RS07990	NA
ATHE_RS07995	Athe_1595
ATHE_RS08000	Athe_1596
ATHE_RS08005	Athe_1598
ATHE_RS08010	Athe_1599
ATHE_RS08015	Athe_1600
ATHE_RS08020	Athe_1601
ATHE_RS08025	Athe_1602
ATHE_RS08030	Athe_1603
ATHE_RS08035	Athe_1604
ATHE_RS08040	Athe_1605
ATHE_RS08045	Athe_1606
ATHE_RS08050	Athe_1607
ATHE_RS08055	Athe_1608
ATHE_RS08060	Athe_1609
ATHE_RS08065	Athe_1610
ATHE_RS08070	Athe_1611
ATHE_RS08075	Athe_1612
ATHE_RS08080	Athe_1613
ATHE_RS08085	Athe_1614
ATHE_RS08090	Athe_1615
ATHE_RS08095	Athe_1616
ATHE_RS08100	Athe_1617
ATHE_RS08105	Athe_1618
ATHE_RS08110	Athe_1619
ATHE_RS08115	Athe_1620
ATHE_RS08120	Athe_1622
ATHE_RS08125	Athe_1623
ATHE_RS08130	Athe_1624
ATHE_RS08135	Athe_1625
ATHE_RS08140	Athe_1626
ATHE_RS08145	Athe_1627
ATHE_RS08150	Athe_1628
ATHE_RS08155	Athe_1629
ATHE_RS08160	Athe_1630
ATHE_RS08165	Athe_1631
ATHE_RS08170	Athe_1632
ATHE_RS08175	Athe_1634
ATHE_RS08180	Athe_1635
ATHE_RS08185	Athe_1636
ATHE_RS08190	Athe_1637
ATHE_RS08195	Athe_1638
ATHE_RS08200	Athe_1639
ATHE_RS08205	Athe_1640
ATHE_RS08210	Athe_1641
ATHE_RS08215	Athe_1642
ATHE_RS08220	Athe_1643
ATHE_RS08225	Athe_1644
ATHE_RS08230	Athe_1645
ATHE_RS08235	Athe_1646
ATHE_RS08240	Athe_1647
ATHE_RS08245	Athe_1648
ATHE_RS08250	Athe_1649
ATHE_RS08255	Athe_1650
ATHE_RS08260	Athe_1651
ATHE_RS08265	Athe_1652
ATHE_RS08270	Athe_1653
ATHE_RS08275	Athe_1654
ATHE_RS08280	Athe_1655
ATHE_RS08285	Athe_1656
ATHE_RS08290	Athe_1657
ATHE_RS08295	Athe_1658
ATHE_RS08300	Athe_1659
ATHE_RS14105	Athe_1660
ATHE_RS08310	Athe_1661
ATHE_RS08315	Athe_1662
ATHE_RS08320	NA
ATHE_RS08325	Athe_1664
ATHE_RS08330	Athe_1665
ATHE_RS08335	Athe_1666
ATHE_RS08340	Athe_1667
ATHE_RS08345	Athe_1668
ATHE_RS08350	Athe_1669
ATHE_RS08355	Athe_1670
ATHE_RS08360	Athe_1671
ATHE_RS08365	Athe_1672
ATHE_RS08370	Athe_1673
ATHE_RS08375	Athe_1674
ATHE_RS08380	Athe_1675
ATHE_RS08385	Athe_1676
ATHE_RS08390	Athe_1677
ATHE_RS08395	Athe_1678
ATHE_RS08400	Athe_1679
ATHE_RS08405	Athe_1680
ATHE_RS08410	Athe_1681
ATHE_RS08415	Athe_1682
ATHE_RS08425	Athe_1683
ATHE_RS08430	Athe_1684
ATHE_RS08440	Athe_1685
ATHE_RS08445	Athe_1686
ATHE_RS08450	Athe_1687
ATHE_RS08455	Athe_1688
ATHE_RS08460	Athe_1689
ATHE_RS08465	Athe_1690
ATHE_RS08470	Athe_1691
ATHE_RS08475	Athe_1692
ATHE_RS08480	Athe_1693
ATHE_RS08485	Athe_1694
ATHE_RS08490	Athe_1695
ATHE_RS08495	Athe_1696
ATHE_RS08500	Athe_1697
ATHE_RS08505	Athe_1698
ATHE_RS08510	Athe_1699
ATHE_RS08515	Athe_1700
ATHE_RS08520	Athe_1701
ATHE_RS08525	Athe_1702
ATHE_RS08530	Athe_1703
ATHE_RS08535	Athe_1704
ATHE_RS08540	Athe_1705
ATHE_RS08545	Athe_1706
ATHE_RS08550	Athe_1707
ATHE_RS08580	Athe_1708
ATHE_RS08585	Athe_1709
ATHE_RS08590	Athe_1710
ATHE_RS08595	Athe_1711
ATHE_RS08600	Athe_1712
ATHE_RS08605	Athe_1713
ATHE_RS08610	Athe_1714
ATHE_RS08615	Athe_1715
ATHE_RS08630	Athe_1716
ATHE_RS08635	Athe_1717
ATHE_RS08640	Athe_1718
ATHE_RS08645	Athe_1719
ATHE_RS08650	Athe_1720
ATHE_RS08655	Athe_1721
ATHE_RS08660	Athe_1722
ATHE_RS08665	Athe_1723
ATHE_RS08670	Athe_1724
ATHE_RS08675	Athe_1725
ATHE_RS08680	Athe_1726
ATHE_RS08685	Athe_1727
ATHE_RS08690	Athe_1728
ATHE_RS08695	Athe_1729
ATHE_RS08700	Athe_1730
ATHE_RS08705	Athe_1731
ATHE_RS08710	Athe_1732
ATHE_RS08715	Athe_1733
ATHE_RS08720	Athe_1734
ATHE_RS08725	Athe_1735
ATHE_RS08730	Athe_1736
ATHE_RS08735	Athe_1737
ATHE_RS08740	Athe_1738
ATHE_RS08745	Athe_1739
ATHE_RS08750	Athe_1740
ATHE_RS08755	Athe_1741
ATHE_RS08760	Athe_1742
ATHE_RS08765	Athe_1743
ATHE_RS08770	Athe_1744
ATHE_RS08775	Athe_1745
ATHE_RS08780	Athe_1746
ATHE_RS08785	Athe_1748
ATHE_RS08790	Athe_1749
ATHE_RS08795	Athe_1750
ATHE_RS08800	Athe_1751
ATHE_RS08805	Athe_1752
ATHE_RS08810	Athe_1753
ATHE_RS08815	Athe_1754
ATHE_RS08820	Athe_1755
ATHE_RS08825	Athe_1756
ATHE_RS08830	Athe_1757
ATHE_RS08835	NA
ATHE_RS08840	NA
ATHE_RS08845	Athe_1759
ATHE_RS08850	Athe_1760
ATHE_RS08855	Athe_1761
ATHE_RS08860	Athe_1762
ATHE_RS08865	Athe_1763
ATHE_RS08870	Athe_1764
ATHE_RS08875	Athe_1765
ATHE_RS08880	Athe_1766
ATHE_RS08885	Athe_1767
ATHE_RS08890	Athe_1768
ATHE_RS08895	Athe_1769
ATHE_RS08900	Athe_1770
ATHE_RS08905	Athe_1771
ATHE_RS08910	Athe_1772
ATHE_RS08915	Athe_1773
ATHE_RS08920	Athe_1774
ATHE_RS08925	Athe_1775
ATHE_RS08930	Athe_1776
ATHE_RS08935	Athe_1777
ATHE_RS08940	Athe_1778
ATHE_RS08945	Athe_1779
ATHE_RS08950	Athe_1780
ATHE_RS08955	Athe_1781
ATHE_RS08960	Athe_1782
ATHE_RS08965	Athe_1783
ATHE_RS08970	Athe_1784
ATHE_RS08975	Athe_1785
ATHE_RS08980	Athe_1786
ATHE_RS08985	Athe_1787
ATHE_RS08990	Athe_1788
ATHE_RS08995	Athe_1789
ATHE_RS09000	Athe_1790
ATHE_RS09005	Athe_1791
ATHE_RS09010	Athe_1792
ATHE_RS09015	Athe_1793
ATHE_RS09020	Athe_1794
ATHE_RS09025	Athe_1795
ATHE_RS09030	Athe_1796
ATHE_RS09035	Athe_1797
ATHE_RS09040	Athe_1798
ATHE_RS09045	Athe_1799
ATHE_RS09050	Athe_1800
ATHE_RS09055	Athe_1801
ATHE_RS09060	Athe_1802
ATHE_RS09065	Athe_1803
ATHE_RS09070	Athe_1804
ATHE_RS09075	Athe_1805
ATHE_RS09080	Athe_1806
ATHE_RS09085	Athe_1807
ATHE_RS09090	Athe_1808
ATHE_RS09095	Athe_1809
ATHE_RS09100	Athe_1810
ATHE_RS09105	Athe_1811
ATHE_RS09110	Athe_1812
ATHE_RS09115	Athe_1813
ATHE_RS09120	Athe_1814
ATHE_RS09125	Athe_1815
ATHE_RS09130	Athe_1816
ATHE_RS09135	Athe_1817
ATHE_RS09140	Athe_1818
ATHE_RS09145	Athe_1819
ATHE_RS09150	Athe_1820
ATHE_RS09155	Athe_1821
ATHE_RS09160	Athe_1822
ATHE_RS09165	Athe_1823
ATHE_RS09170	Athe_1824
ATHE_RS09175	Athe_1825
ATHE_RS09180	Athe_1826
ATHE_RS09185	Athe_1827
ATHE_RS09190	Athe_1828
ATHE_RS09195	Athe_1829
ATHE_RS09200	Athe_1830
ATHE_RS09205	Athe_1831
ATHE_RS09210	Athe_1832
ATHE_RS09215	Athe_1833
ATHE_RS09220	Athe_1834
ATHE_RS09225	Athe_1835
ATHE_RS09230	Athe_1836
ATHE_RS09235	Athe_1837
ATHE_RS09240	Athe_1838
ATHE_RS09245	Athe_1839
ATHE_RS09250	Athe_1840
ATHE_RS09255	Athe_1841
ATHE_RS09260	NA
ATHE_RS09265	Athe_1843
ATHE_RS09270	Athe_1844
ATHE_RS09275	Athe_1845
ATHE_RS14295	Athe_1846
ATHE_RS09280	NA
ATHE_RS09285	Athe_1848
ATHE_RS09290	NA
ATHE_RS14300	Athe_1852
ATHE_RS09305	Athe_1853
ATHE_RS09310	Athe_1854
ATHE_RS09315	Athe_1855
ATHE_RS09320	Athe_1856
ATHE_RS09325	Athe_1857
ATHE_RS09330	Athe_1859
ATHE_RS09335	Athe_1860
ATHE_RS09340	Athe_1861
ATHE_RS09345	Athe_1862
ATHE_RS09350	Athe_1863
ATHE_RS09355	Athe_1864
ATHE_RS14305	Athe_1865
ATHE_RS14110	Athe_1866
ATHE_RS09370	Athe_1867
ATHE_RS09375	Athe_1868
ATHE_RS09380	Athe_1869
ATHE_RS09385	Athe_1870
ATHE_RS09390	Athe_1871
ATHE_RS09395	Athe_1872
ATHE_RS09400	Athe_1873
ATHE_RS09405	Athe_1874
ATHE_RS09410	Athe_1875
ATHE_RS09415	Athe_1876
ATHE_RS09420	Athe_1877
ATHE_RS09425	Athe_1878
ATHE_RS09430	Athe_1879
ATHE_RS09435	Athe_1880
ATHE_RS09440	Athe_1881
ATHE_RS09445	Athe_1882
ATHE_RS09450	Athe_1883
ATHE_RS09455	Athe_1884
ATHE_RS09460	Athe_1885
ATHE_RS09465	Athe_1886
ATHE_RS09470	NA
ATHE_RS09475	Athe_1888
ATHE_RS09480	Athe_1889
ATHE_RS09485	Athe_1890
ATHE_RS09490	Athe_1891
ATHE_RS09495	Athe_1892
ATHE_RS09500	Athe_1893
ATHE_RS09505	Athe_1894
ATHE_RS09510	Athe_1895
ATHE_RS09515	Athe_1896
ATHE_RS09520	Athe_1897
ATHE_RS09525	Athe_1898
ATHE_RS09530	Athe_1899
ATHE_RS09535	Athe_1900
ATHE_RS09540	Athe_1901
ATHE_RS09545	Athe_1902
ATHE_RS09550	Athe_1903
ATHE_RS09555	Athe_1904
ATHE_RS09560	Athe_1905
ATHE_RS09565	Athe_1906
ATHE_RS09570	Athe_1908
ATHE_RS09575	Athe_1909
ATHE_RS09580	Athe_1910
ATHE_RS09585	Athe_1911
ATHE_RS09590	Athe_1912
ATHE_RS09595	Athe_1913
ATHE_RS09600	Athe_1914
ATHE_RS09605	Athe_1915
ATHE_RS09610	Athe_1916
ATHE_RS09615	Athe_1917
ATHE_RS09620	Athe_1918
ATHE_RS09625	Athe_1919
ATHE_RS09630	Athe_1920
ATHE_RS09635	Athe_1921
ATHE_RS09640	Athe_1922
ATHE_RS09645	Athe_1923
ATHE_RS09650	Athe_1924
ATHE_RS09655	Athe_1925
ATHE_RS09660	Athe_1926
ATHE_RS09665	Athe_1927
ATHE_RS09670	Athe_1928
ATHE_RS09675	NA
ATHE_RS09680	Athe_1930
ATHE_RS14490	NA
ATHE_RS09690	Athe_1931
ATHE_RS09695	Athe_1932
ATHE_RS09700	Athe_1933
ATHE_RS09705	Athe_1934
ATHE_RS09710	Athe_1935
ATHE_RS09715	Athe_1936
ATHE_RS09720	Athe_1937
ATHE_RS09725	Athe_1938
ATHE_RS09730	Athe_1939
ATHE_RS09735	Athe_1940
ATHE_RS09740	Athe_1941
ATHE_RS09745	Athe_1942
ATHE_RS09750	Athe_1943
ATHE_RS09755	Athe_1944
ATHE_RS09760	Athe_1945
ATHE_RS09765	Athe_1946
ATHE_RS09770	Athe_1947
ATHE_RS09775	Athe_1948
ATHE_RS09780	Athe_1949
ATHE_RS09785	Athe_1950
ATHE_RS09790	Athe_1951
ATHE_RS09795	Athe_1952
ATHE_RS09800	Athe_1953
ATHE_RS09805	Athe_1954
ATHE_RS09810	Athe_1955
ATHE_RS09815	Athe_1956
ATHE_RS09820	Athe_1957
ATHE_RS09825	Athe_1958
ATHE_RS09830	Athe_1959
ATHE_RS09835	Athe_1960
ATHE_RS09840	Athe_1961
ATHE_RS09845	Athe_1962
ATHE_RS09850	Athe_1963
ATHE_RS09855	Athe_1964
ATHE_RS09860	Athe_1965
ATHE_RS09865	Athe_1966
ATHE_RS09870	Athe_1967
ATHE_RS09875	Athe_1968
ATHE_RS09880	Athe_1969
ATHE_RS09885	Athe_1970
ATHE_RS09890	Athe_1971
ATHE_RS09895	Athe_1972
ATHE_RS09900	Athe_1973
ATHE_RS09915	Athe_1974
ATHE_RS09920	Athe_1975
ATHE_RS09925	Athe_1976
ATHE_RS09930	Athe_1977
ATHE_RS09935	Athe_1978
ATHE_RS09940	Athe_1979
ATHE_RS09945	Athe_1980
ATHE_RS09950	Athe_1981
ATHE_RS09955	Athe_1982
ATHE_RS09960	Athe_1983
ATHE_RS09965	Athe_1984
ATHE_RS14310	NA
ATHE_RS09980	Athe_1985
ATHE_RS14315	NA
ATHE_RS14495	NA
ATHE_RS09990	Athe_1987
ATHE_RS09995	Athe_1988
ATHE_RS14500	NA
ATHE_RS10000	NA
ATHE_RS10005	Athe_1990
ATHE_RS10010	Athe_1991
ATHE_RS10015	Athe_1992
ATHE_RS10020	Athe_1993
ATHE_RS10025	Athe_1994
ATHE_RS10030	Athe_1995
ATHE_RS10035	Athe_1996
ATHE_RS10040	Athe_1997
ATHE_RS10045	Athe_1998
ATHE_RS10050	NA
ATHE_RS10055	NA
ATHE_RS10060	Athe_2001
ATHE_RS10065	Athe_2002
ATHE_RS10070	NA
ATHE_RS14115	NA
ATHE_RS10075	Athe_2005
ATHE_RS10080	NA
ATHE_RS10085	Athe_2007
ATHE_RS14325	NA
ATHE_RS10090	NA
ATHE_RS10095	NA
ATHE_RS10100	NA
ATHE_RS10105	NA
ATHE_RS10115	Athe_2013
ATHE_RS14330	NA
ATHE_RS14120	NA
ATHE_RS10125	NA
ATHE_RS10130	Athe_2016
ATHE_RS10135	Athe_2017
ATHE_RS10140	Athe_2018
ATHE_RS10145	Athe_2019
ATHE_RS14335	Athe_2020
ATHE_RS10155	Athe_2021
ATHE_RS10160	Athe_2023
ATHE_RS10165	Athe_2024
ATHE_RS10170	Athe_2025
ATHE_RS10175	Athe_2026
ATHE_RS10180	NA
ATHE_RS10185	Athe_2028
ATHE_RS10195	Athe_2029
ATHE_RS10200	Athe_2030
ATHE_RS10205	Athe_2031
ATHE_RS10210	Athe_2032
ATHE_RS10215	Athe_2033
ATHE_RS10220	Athe_2034
ATHE_RS10225	Athe_2035
ATHE_RS10230	Athe_2036
ATHE_RS10235	Athe_2037
ATHE_RS10240	Athe_2038
ATHE_RS10245	Athe_2039
ATHE_RS10250	Athe_2040
ATHE_RS10255	Athe_2041
ATHE_RS10260	Athe_2042
ATHE_RS10265	Athe_2043
ATHE_RS10270	Athe_2044
ATHE_RS10275	Athe_2045
ATHE_RS10280	Athe_2046
ATHE_RS10285	Athe_2047
ATHE_RS10290	Athe_2048
ATHE_RS10295	Athe_2049
ATHE_RS10300	Athe_2050
ATHE_RS10305	Athe_2051
ATHE_RS10310	Athe_2052
ATHE_RS10315	Athe_2053
ATHE_RS10320	Athe_2054
ATHE_RS10325	Athe_2055
ATHE_RS10330	Athe_2056
ATHE_RS10335	Athe_2057
ATHE_RS10340	Athe_2058
ATHE_RS10345	Athe_2059
ATHE_RS10350	Athe_2060
ATHE_RS10355	Athe_2061
ATHE_RS10360	Athe_2062
ATHE_RS14340	Athe_2063
ATHE_RS10365	Athe_2064
ATHE_RS10370	Athe_2065
ATHE_RS10375	Athe_2066
ATHE_RS10380	Athe_2067
ATHE_RS10385	Athe_2068
ATHE_RS10390	Athe_2069
ATHE_RS10395	Athe_2070
ATHE_RS10400	Athe_2071
ATHE_RS10405	Athe_2072
ATHE_RS10410	Athe_2073
ATHE_RS10415	Athe_2074
ATHE_RS10420	Athe_2075
ATHE_RS10425	Athe_2076
ATHE_RS10430	Athe_2077
ATHE_RS10435	Athe_2078
ATHE_RS10440	Athe_2079
ATHE_RS10445	Athe_2080
ATHE_RS10450	Athe_2081
ATHE_RS10455	Athe_2082
ATHE_RS10460	Athe_2083
ATHE_RS10465	Athe_2084
ATHE_RS10470	Athe_2085
ATHE_RS10475	Athe_2086
ATHE_RS10480	Athe_2087
ATHE_RS10485	Athe_2088
ATHE_RS10490	Athe_2089
ATHE_RS10495	Athe_2090
ATHE_RS10500	Athe_2091
ATHE_RS10505	Athe_2092
ATHE_RS10510	Athe_2093
ATHE_RS10515	Athe_2094
ATHE_RS10520	Athe_2095
ATHE_RS10525	Athe_2096
ATHE_RS10530	Athe_2097
ATHE_RS10535	NA
ATHE_RS10540	Athe_2099
ATHE_RS10545	Athe_2100
ATHE_RS10550	Athe_2101
ATHE_RS10555	Athe_2102
ATHE_RS10560	NA
ATHE_RS10565	Athe_2104
ATHE_RS10570	Athe_2105
ATHE_RS10575	Athe_2106
ATHE_RS10580	Athe_2107
ATHE_RS10585	Athe_2108
ATHE_RS10590	Athe_2109
ATHE_RS10595	Athe_2110
ATHE_RS10600	NA
ATHE_RS10605	Athe_2112
ATHE_RS10610	Athe_2113
ATHE_RS10615	Athe_2114
ATHE_RS10620	NA
ATHE_RS14505	NA
ATHE_RS10625	Athe_2115
ATHE_RS10630	Athe_2116
ATHE_RS10635	Athe_2117
ATHE_RS10640	Athe_2118
ATHE_RS10645	Athe_2119
ATHE_RS10650	Athe_2120
ATHE_RS10655	Athe_2121
ATHE_RS10660	Athe_2122
ATHE_RS10665	Athe_2123
ATHE_RS10670	Athe_2124
ATHE_RS10675	Athe_2125
ATHE_RS10680	Athe_2126
ATHE_RS10685	Athe_2127
ATHE_RS10690	Athe_2128
ATHE_RS10695	Athe_2129
ATHE_RS10700	Athe_2130
ATHE_RS10705	Athe_2131
ATHE_RS10710	Athe_2132
ATHE_RS10715	Athe_2133
ATHE_RS10720	Athe_2134
ATHE_RS10725	Athe_2135
ATHE_RS10730	Athe_2136
ATHE_RS10735	Athe_2137
ATHE_RS10740	Athe_2138
ATHE_RS10745	Athe_2139
ATHE_RS10750	Athe_2140
ATHE_RS10755	Athe_2141
ATHE_RS10760	Athe_2142
ATHE_RS10765	Athe_2143
ATHE_RS10770	Athe_2144
ATHE_RS10775	Athe_2145
ATHE_RS10780	Athe_2146
ATHE_RS10785	Athe_2147
ATHE_RS10790	Athe_2148
ATHE_RS10795	Athe_2149
ATHE_RS10800	Athe_2150
ATHE_RS10805	Athe_2151
ATHE_RS10810	Athe_2152
ATHE_RS10815	Athe_2153
ATHE_RS10820	Athe_2154
ATHE_RS10825	Athe_2155
ATHE_RS10830	Athe_2156
ATHE_RS10835	Athe_2157
ATHE_RS10840	Athe_2158
ATHE_RS10845	Athe_2159
ATHE_RS10850	Athe_2160
ATHE_RS10855	Athe_2161
ATHE_RS10860	Athe_2162
ATHE_RS10865	Athe_2163
ATHE_RS10870	Athe_2164
ATHE_RS10875	Athe_2165
ATHE_RS10880	Athe_2166
ATHE_RS10885	Athe_2167
ATHE_RS10890	Athe_2168
ATHE_RS10895	Athe_2169
ATHE_RS10900	Athe_2170
ATHE_RS10905	Athe_2171
ATHE_RS10910	Athe_2172
ATHE_RS10915	Athe_2173
ATHE_RS10920	Athe_2174
ATHE_RS10925	Athe_2175
ATHE_RS10930	Athe_2176
ATHE_RS10935	Athe_2177
ATHE_RS10940	Athe_2178
ATHE_RS10945	Athe_2179
ATHE_RS10950	Athe_2180
ATHE_RS10955	Athe_2181
ATHE_RS10960	Athe_2182
ATHE_RS10965	Athe_2183
ATHE_RS10970	Athe_2184
ATHE_RS10975	Athe_2185
ATHE_RS10980	Athe_2186
ATHE_RS10985	Athe_2187
ATHE_RS10990	NA
ATHE_RS10995	Athe_2189
ATHE_RS11000	Athe_2190
ATHE_RS11005	Athe_2191
ATHE_RS11010	Athe_2192
ATHE_RS11015	Athe_2193
ATHE_RS11025	Athe_2194
ATHE_RS11030	Athe_2195
ATHE_RS11045	Athe_2196
ATHE_RS11050	Athe_2197
ATHE_RS11055	Athe_2198
ATHE_RS11060	Athe_2199
ATHE_RS11065	NA
ATHE_RS14345	NA
ATHE_RS11070	Athe_2200
ATHE_RS11075	Athe_2201
ATHE_RS14350	Athe_2202
ATHE_RS11085	Athe_2203
ATHE_RS11090	Athe_2204
ATHE_RS11095	Athe_2205
ATHE_RS11100	Athe_2206
ATHE_RS11105	Athe_2207
ATHE_RS11110	Athe_2208
ATHE_RS11115	Athe_2209
ATHE_RS11125	Athe_2210
ATHE_RS11130	Athe_2211
ATHE_RS11135	Athe_2212
ATHE_RS11140	Athe_2213
ATHE_RS11145	Athe_2214
ATHE_RS11150	Athe_2215
ATHE_RS11155	Athe_2216
ATHE_RS11160	Athe_2217
ATHE_RS11165	Athe_2218
ATHE_RS11170	Athe_2219
ATHE_RS11175	Athe_2220
ATHE_RS11180	Athe_2221
ATHE_RS14355	Athe_2222
ATHE_RS11195	Athe_2223
ATHE_RS11200	Athe_2224
ATHE_RS11205	NA
ATHE_RS11210	Athe_2226
ATHE_RS11215	Athe_2227
ATHE_RS11220	Athe_2228
ATHE_RS11225	Athe_2229
ATHE_RS11230	Athe_2230
ATHE_RS11235	Athe_2231
ATHE_RS11240	Athe_2232
ATHE_RS11245	Athe_2233
ATHE_RS11250	Athe_2234
ATHE_RS11255	Athe_2235
ATHE_RS11260	Athe_2236
ATHE_RS11265	Athe_2237
ATHE_RS11270	Athe_2238
ATHE_RS11275	Athe_2239
ATHE_RS11280	Athe_2240
ATHE_RS11285	Athe_2241
ATHE_RS11290	Athe_2242
ATHE_RS11295	Athe_2243
ATHE_RS11300	Athe_2244
ATHE_RS11305	Athe_2245
ATHE_RS11310	Athe_2246
ATHE_RS11315	Athe_2247
ATHE_RS11320	Athe_2248
ATHE_RS11325	Athe_2249
ATHE_RS11330	Athe_2250
ATHE_RS11335	NA
ATHE_RS11340	Athe_2252
ATHE_RS11345	Athe_2253
ATHE_RS11350	Athe_2254
ATHE_RS11355	Athe_2255
ATHE_RS11360	Athe_2256
ATHE_RS11365	Athe_2257
ATHE_RS11370	NA
ATHE_RS11375	NA
ATHE_RS11380	Athe_2260
ATHE_RS11385	Athe_2261
ATHE_RS11390	Athe_2262
ATHE_RS11395	Athe_2263
ATHE_RS11400	Athe_2264
ATHE_RS11405	Athe_2265
ATHE_RS11410	Athe_2266
ATHE_RS11415	NA
ATHE_RS11420	Athe_2267
ATHE_RS11425	Athe_2268
ATHE_RS11430	Athe_2269
ATHE_RS11435	Athe_2270
ATHE_RS11440	Athe_2271
ATHE_RS11445	Athe_2272
ATHE_RS14125	Athe_2273
ATHE_RS11455	Athe_2274
ATHE_RS11460	Athe_2275
ATHE_RS11465	Athe_2276
ATHE_RS11470	Athe_2277
ATHE_RS11475	Athe_2278
ATHE_RS11480	Athe_2279
ATHE_RS11485	Athe_2280
ATHE_RS11490	Athe_2281
ATHE_RS11495	Athe_2282
ATHE_RS11500	Athe_2283
ATHE_RS11505	NA
ATHE_RS11510	Athe_2285
ATHE_RS11515	Athe_2286
ATHE_RS11520	Athe_2287
ATHE_RS11525	Athe_2288
ATHE_RS11530	Athe_2289
ATHE_RS11535	Athe_2290
ATHE_RS11540	Athe_2291
ATHE_RS11545	Athe_2292
ATHE_RS11550	Athe_2293
ATHE_RS11555	Athe_2294
ATHE_RS11560	Athe_2295
ATHE_RS11565	Athe_2296
ATHE_RS11570	Athe_2297
ATHE_RS11575	Athe_2298
ATHE_RS11580	Athe_2299
ATHE_RS11585	NA
ATHE_RS11590	Athe_2302
ATHE_RS11595	Athe_2303
ATHE_RS11600	Athe_2304
ATHE_RS11605	NA
ATHE_RS11610	Athe_2306
ATHE_RS11615	Athe_2307
ATHE_RS11620	NA
ATHE_RS11625	Athe_2308
ATHE_RS11630	Athe_2309
ATHE_RS11635	Athe_2310
ATHE_RS11640	Athe_2311
ATHE_RS11645	Athe_2312
ATHE_RS11650	Athe_2313
ATHE_RS11655	Athe_2315
ATHE_RS14360	NA
ATHE_RS11665	Athe_2316
ATHE_RS11670	Athe_2317
ATHE_RS11675	Athe_2318
ATHE_RS11680	Athe_2319
ATHE_RS11685	Athe_2320
ATHE_RS14365	NA
ATHE_RS11690	Athe_2321
ATHE_RS11695	Athe_2322
ATHE_RS11700	Athe_2323
ATHE_RS11705	Athe_2324
ATHE_RS11710	Athe_2325
ATHE_RS11715	Athe_2326
ATHE_RS11720	Athe_2327
ATHE_RS11725	Athe_2328
ATHE_RS11730	Athe_2329
ATHE_RS11735	Athe_2330
ATHE_RS11740	Athe_2331
ATHE_RS11745	Athe_2332
ATHE_RS11750	Athe_2333
ATHE_RS11755	Athe_2334
ATHE_RS11760	Athe_2335
ATHE_RS11765	Athe_2336
ATHE_RS11770	Athe_2337
ATHE_RS11775	Athe_2338
ATHE_RS11780	Athe_2339
ATHE_RS11785	Athe_2340
ATHE_RS11790	Athe_2341
ATHE_RS11795	Athe_2342
ATHE_RS11800	Athe_2343
ATHE_RS11805	Athe_2344
ATHE_RS11810	Athe_2345
ATHE_RS11815	Athe_2346
ATHE_RS11820	Athe_2347
ATHE_RS11825	Athe_2348
ATHE_RS11830	Athe_2349
ATHE_RS11835	Athe_2350
ATHE_RS11840	Athe_2351
ATHE_RS11845	Athe_2352
ATHE_RS11850	Athe_2353
ATHE_RS11855	Athe_2354
ATHE_RS11860	Athe_2355
ATHE_RS11865	Athe_2356
ATHE_RS11870	Athe_2357
ATHE_RS11875	Athe_2358
ATHE_RS11880	Athe_2359
ATHE_RS11885	Athe_2360
ATHE_RS11890	Athe_2361
ATHE_RS11895	Athe_2362
ATHE_RS11900	Athe_2363
ATHE_RS11905	Athe_2364
ATHE_RS11910	Athe_2365
ATHE_RS11915	Athe_2366
ATHE_RS11920	Athe_2367
ATHE_RS11925	Athe_2368
ATHE_RS11930	Athe_2369
ATHE_RS11935	Athe_2370
ATHE_RS11940	Athe_2371
ATHE_RS11945	Athe_2372
ATHE_RS11950	Athe_2373
ATHE_RS11955	Athe_2374
ATHE_RS11960	Athe_2375
ATHE_RS11965	Athe_2376
ATHE_RS11970	NA
ATHE_RS11975	NA
ATHE_RS11980	Athe_2378
ATHE_RS11985	Athe_2380
ATHE_RS11990	Athe_2381
ATHE_RS11995	Athe_2382
ATHE_RS12000	Athe_2383
ATHE_RS12005	Athe_2384
ATHE_RS12010	Athe_2385
ATHE_RS12015	Athe_2386
ATHE_RS12020	Athe_2387
ATHE_RS12025	Athe_2388
ATHE_RS12030	Athe_2389
ATHE_RS12035	Athe_2390
ATHE_RS12040	Athe_2391
ATHE_RS12045	Athe_2392
ATHE_RS12050	NA
ATHE_RS12055	Athe_2394
ATHE_RS12060	Athe_2395
ATHE_RS12065	Athe_2396
ATHE_RS12070	Athe_2397
ATHE_RS12075	Athe_2398
ATHE_RS12080	Athe_2399
ATHE_RS12085	Athe_2400
ATHE_RS12090	Athe_2401
ATHE_RS12095	Athe_2402
ATHE_RS12100	Athe_2403
ATHE_RS12105	NA
ATHE_RS12110	Athe_2404
ATHE_RS12120	Athe_2405
ATHE_RS12125	NA
ATHE_RS12130	Athe_2406
ATHE_RS12135	Athe_2407
ATHE_RS12140	Athe_2408
ATHE_RS12145	Athe_2409
ATHE_RS12150	Athe_2410
ATHE_RS12155	Athe_2411
ATHE_RS12160	Athe_2412
ATHE_RS12165	Athe_2413
ATHE_RS12170	Athe_2414
ATHE_RS12175	Athe_2415
ATHE_RS12180	Athe_2416
ATHE_RS12185	Athe_2417
ATHE_RS12190	Athe_2418
ATHE_RS12195	Athe_2419
ATHE_RS12200	Athe_2420
ATHE_RS12205	NA
ATHE_RS12210	Athe_2422
ATHE_RS12215	Athe_2423
ATHE_RS12220	Athe_2425
ATHE_RS12225	Athe_2426
ATHE_RS12230	Athe_2427
ATHE_RS12235	Athe_2428
ATHE_RS12240	Athe_2429
ATHE_RS12245	Athe_2430
ATHE_RS12250	Athe_2431
ATHE_RS12255	Athe_2432
ATHE_RS12260	Athe_2433
ATHE_RS12265	Athe_2434
ATHE_RS12270	Athe_2435
ATHE_RS12275	Athe_2436
ATHE_RS12280	Athe_2437
ATHE_RS12285	Athe_2438
ATHE_RS12290	Athe_2439
ATHE_RS12295	Athe_2440
ATHE_RS12300	Athe_2441
ATHE_RS12305	Athe_2442
ATHE_RS12310	Athe_2443
ATHE_RS12315	NA
ATHE_RS12320	Athe_2444
ATHE_RS12325	Athe_2445
ATHE_RS12330	Athe_2446
ATHE_RS12335	Athe_2447
ATHE_RS12340	Athe_2448
ATHE_RS12345	Athe_2449
ATHE_RS12350	Athe_2450
ATHE_RS12355	Athe_2451
ATHE_RS12360	Athe_2452
ATHE_RS12365	Athe_2453
ATHE_RS12370	Athe_2454
ATHE_RS12375	Athe_2455
ATHE_RS12380	Athe_2456
ATHE_RS12385	Athe_2457
ATHE_RS12390	Athe_2458
ATHE_RS12395	Athe_2459
ATHE_RS12400	Athe_2460
ATHE_RS12405	Athe_2461
ATHE_RS12410	Athe_2462
ATHE_RS12415	Athe_2463
ATHE_RS12420	Athe_2464
ATHE_RS12425	NA
ATHE_RS12430	Athe_2465
ATHE_RS12435	Athe_2466
ATHE_RS12440	Athe_2467
ATHE_RS12445	Athe_2468
ATHE_RS12450	Athe_2469
ATHE_RS12455	Athe_2470
ATHE_RS12460	Athe_2471
ATHE_RS12465	Athe_2472
ATHE_RS12470	NA
ATHE_RS12475	Athe_2473
ATHE_RS12480	Athe_2474
ATHE_RS12485	Athe_2475
ATHE_RS12490	NA
ATHE_RS12495	Athe_2476
ATHE_RS12500	Athe_2477
ATHE_RS12505	NA
ATHE_RS12510	Athe_2479
ATHE_RS12515	Athe_2480
ATHE_RS12520	NA
ATHE_RS12525	Athe_2481
ATHE_RS12530	Athe_2482
ATHE_RS12535	Athe_2483
ATHE_RS12540	Athe_2484
ATHE_RS12545	Athe_2485
ATHE_RS12550	Athe_2486
ATHE_RS12555	Athe_2487
ATHE_RS12560	Athe_2488
ATHE_RS12565	Athe_2489
ATHE_RS12570	Athe_2490
ATHE_RS12575	Athe_2491
ATHE_RS12580	Athe_2493
ATHE_RS12585	Athe_2494
ATHE_RS12590	Athe_2495
ATHE_RS12595	Athe_2497
ATHE_RS12600	Athe_2498
ATHE_RS12605	Athe_2499
ATHE_RS12610	Athe_2500
ATHE_RS14370	Athe_2501
ATHE_RS12615	Athe_2502
ATHE_RS12620	Athe_2503
ATHE_RS12625	NA
ATHE_RS12630	Athe_2504
ATHE_RS12635	Athe_2506
ATHE_RS12640	Athe_2507
ATHE_RS12645	Athe_2508
ATHE_RS12650	Athe_2509
ATHE_RS12655	Athe_2510
ATHE_RS12660	Athe_2511
ATHE_RS12665	Athe_2512
ATHE_RS12670	Athe_2513
ATHE_RS12675	Athe_2514
ATHE_RS12680	Athe_2515
ATHE_RS12685	Athe_2517
ATHE_RS12690	Athe_2518
ATHE_RS12695	Athe_2519
ATHE_RS12700	Athe_2520
ATHE_RS12705	Athe_2521
ATHE_RS12710	Athe_2522
ATHE_RS12715	Athe_2523
ATHE_RS12720	Athe_2524
ATHE_RS12725	Athe_2525
ATHE_RS12730	Athe_2526
ATHE_RS12735	Athe_2527
ATHE_RS12740	Athe_2528
ATHE_RS12745	Athe_2529
ATHE_RS12750	NA
ATHE_RS12755	Athe_2531
ATHE_RS12760	Athe_2532
ATHE_RS12765	Athe_2533
ATHE_RS12775	Athe_2534
ATHE_RS12780	Athe_2535
ATHE_RS12785	Athe_2536
ATHE_RS12790	Athe_2537
ATHE_RS12795	Athe_2538
ATHE_RS12800	Athe_2539
ATHE_RS12805	Athe_2540
ATHE_RS12810	Athe_2541
ATHE_RS12815	Athe_2542
ATHE_RS12820	Athe_2543
ATHE_RS12825	Athe_2544
ATHE_RS12830	Athe_2545
ATHE_RS12835	Athe_2546
ATHE_RS12840	Athe_2547
ATHE_RS12850	Athe_2548
ATHE_RS12855	Athe_2549
ATHE_RS12860	Athe_2550
ATHE_RS12865	Athe_2551
ATHE_RS12870	Athe_2552
ATHE_RS12875	Athe_2553
ATHE_RS12880	Athe_2554
ATHE_RS12885	Athe_2555
ATHE_RS12890	Athe_2556
ATHE_RS12895	Athe_2557
ATHE_RS12900	Athe_2558
ATHE_RS12905	Athe_2559
ATHE_RS12910	Athe_2560
ATHE_RS12915	NA
ATHE_RS12920	NA
ATHE_RS12925	Athe_2564
ATHE_RS12930	Athe_2565
ATHE_RS12935	Athe_2566
ATHE_RS12940	Athe_2567
ATHE_RS12945	Athe_2568
ATHE_RS12950	Athe_2569
ATHE_RS12955	Athe_2570
ATHE_RS12960	NA
ATHE_RS12965	Athe_2572
ATHE_RS14380	NA
ATHE_RS12985	NA
ATHE_RS14385	NA
ATHE_RS14390	NA
ATHE_RS12990	Athe_2574
ATHE_RS12995	Athe_2575
ATHE_RS13000	Athe_2576
ATHE_RS13005	Athe_2577
ATHE_RS13010	Athe_2578
ATHE_RS13015	Athe_2579
ATHE_RS13020	Athe_2580
ATHE_RS13025	Athe_2581
ATHE_RS13030	Athe_2582
ATHE_RS13035	Athe_2583
ATHE_RS13040	Athe_2584
ATHE_RS13045	Athe_2585
ATHE_RS13050	Athe_2586
ATHE_RS13055	Athe_2587
ATHE_RS13060	Athe_2588
ATHE_RS13065	NA
ATHE_RS14400	Athe_2591
ATHE_RS13070	Athe_2592
ATHE_RS13075	Athe_2593
ATHE_RS13080	Athe_2594
ATHE_RS13085	Athe_2595
ATHE_RS13090	Athe_2596
ATHE_RS13095	Athe_2597
ATHE_RS13100	Athe_2598
ATHE_RS13130	Athe_2599
ATHE_RS13135	Athe_2600
ATHE_RS13140	Athe_2601
ATHE_RS13145	Athe_2602
ATHE_RS13150	Athe_2603
ATHE_RS13155	Athe_2604
ATHE_RS13160	Athe_2605
ATHE_RS13165	Athe_2606
ATHE_RS13170	Athe_2607
ATHE_RS13175	Athe_2608
ATHE_RS13180	Athe_2609
ATHE_RS13185	Athe_2610
ATHE_RS13190	Athe_2611
ATHE_RS13195	Athe_2612
ATHE_RS13200	Athe_2613
ATHE_RS13205	Athe_2614
ATHE_RS13210	Athe_2615
ATHE_RS13215	Athe_2616
ATHE_RS13220	Athe_2617
ATHE_RS13225	Athe_2618
ATHE_RS13230	Athe_2619
ATHE_RS13235	Athe_2620
ATHE_RS13240	Athe_2621
ATHE_RS14405	NA
ATHE_RS13245	Athe_2622
ATHE_RS13250	Athe_2623
ATHE_RS13255	Athe_2624
ATHE_RS13260	Athe_2625
ATHE_RS13265	Athe_2626
ATHE_RS13270	Athe_2627
ATHE_RS13275	Athe_2630
ATHE_RS13280	Athe_2631
ATHE_RS13285	Athe_2632
ATHE_RS13290	Athe_2633
ATHE_RS13295	Athe_2635
ATHE_RS13300	Athe_2636
ATHE_RS14410	NA
ATHE_RS13305	Athe_2638
ATHE_RS13310	Athe_2639
ATHE_RS13315	Athe_2640
ATHE_RS13320	Athe_2641
ATHE_RS13325	Athe_2642
ATHE_RS13330	Athe_2643
ATHE_RS13335	Athe_2644
ATHE_RS13340	Athe_2645
ATHE_RS13345	Athe_2646
ATHE_RS13350	Athe_2647
ATHE_RS13355	Athe_2648
ATHE_RS13360	Athe_2649
ATHE_RS13365	NA
ATHE_RS13370	Athe_2651
ATHE_RS13375	Athe_2652
ATHE_RS13380	NA
ATHE_RS13385	Athe_2653
ATHE_RS13390	Athe_2654
ATHE_RS13395	NA
ATHE_RS13400	NA
ATHE_RS13405	NA
ATHE_RS14510	NA
ATHE_RS13410	Athe_2658
ATHE_RS13415	Athe_2659
ATHE_RS13420	Athe_2660
ATHE_RS13425	Athe_2661
ATHE_RS13430	Athe_2662
ATHE_RS13435	Athe_2663
ATHE_RS13440	Athe_2664
ATHE_RS13450	Athe_2666
ATHE_RS13455	Athe_2667
ATHE_RS13460	Athe_2668
ATHE_RS13465	Athe_2669
ATHE_RS13470	Athe_2670
ATHE_RS13475	Athe_2671
ATHE_RS13480	Athe_2672
ATHE_RS13485	Athe_2673
ATHE_RS14415	Athe_2674
ATHE_RS13495	NA
ATHE_RS13500	Athe_2676
ATHE_RS13505	NA
ATHE_RS13510	Athe_2677
ATHE_RS13515	NA
ATHE_RS13520	Athe_2678
ATHE_RS13525	NA
ATHE_RS13530	NA
ATHE_RS13535	NA
ATHE_RS13540	Athe_2682
ATHE_RS13545	NA
ATHE_RS13550	Athe_2684
ATHE_RS14425	Athe_2685
ATHE_RS13565	Athe_2687
ATHE_RS13570	Athe_2688
ATHE_RS13575	Athe_2689
ATHE_RS13580	Athe_2690
ATHE_RS13585	NA
ATHE_RS14430	NA
ATHE_RS13595	Athe_2692
ATHE_RS13600	Athe_2693
ATHE_RS13605	Athe_2694
ATHE_RS13610	Athe_2695
ATHE_RS13615	Athe_2696
ATHE_RS13620	Athe_2697
ATHE_RS13625	Athe_2698
ATHE_RS13630	Athe_2699
ATHE_RS13635	Athe_2700
ATHE_RS13640	Athe_2701
ATHE_RS13645	Athe_2702
ATHE_RS13650	Athe_2703
ATHE_RS13655	Athe_2704
ATHE_RS13660	NA
ATHE_RS13665	Athe_2706
ATHE_RS13670	Athe_2707
ATHE_RS13675	Athe_2708
ATHE_RS13685	Athe_2709
ATHE_RS13690	Athe_2710
ATHE_RS13695	Athe_2711
ATHE_RS13700	Athe_2712
ATHE_RS13705	Athe_2713
ATHE_RS14515	NA
ATHE_RS13710	Athe_2714
ATHE_RS13715	Athe_2715
ATHE_RS13720	Athe_2716
ATHE_RS14520	NA
ATHE_RS14525	NA
ATHE_RS13735	Athe_2718
ATHE_RS13740	Athe_2719
ATHE_RS13745	Athe_2720
ATHE_RS13750	NA
ATHE_RS13755	Athe_2722
ATHE_RS13760	Athe_2723
ATHE_RS13765	Athe_2724
ATHE_RS13770	Athe_2725
ATHE_RS13775	Athe_2726
ATHE_RS13780	Athe_2727
ATHE_RS14435	Athe_2728
ATHE_RS13785	Athe_2729
ATHE_RS13790	Athe_2730
ATHE_RS13795	Athe_2731
ATHE_RS13800	Athe_2732
ATHE_RS13805	Athe_2733
ATHE_RS13810	NA
ATHE_RS13815	Athe_2735
ATHE_RS13820	Athe_2736
ATHE_RS13825	Athe_2737
ATHE_RS13830	Athe_2738
ATHE_RS13835	Athe_2739
ATHE_RS13840	Athe_2740
ATHE_RS13845	Athe_2741
ATHE_RS13850	Athe_2742
ATHE_RS13855	Athe_2743
ATHE_RS13860	Athe_2744
ATHE_RS13865	Athe_2745
ATHE_RS13870	Athe_2746
ATHE_RS13875	Athe_2747
ATHE_RS13880	Athe_2748
ATHE_RS13885	Athe_2749
ATHE_RS13890	Athe_2750
ATHE_RS13895	Athe_2751
ATHE_RS13900	Athe_2752
ATHE_RS13905	Athe_2753
ATHE_RS13910	Athe_2754
ATHE_RS13915	Athe_2755
ATHE_RS13920	Athe_2756
ATHE_RS13925	Athe_2757
ATHE_RS13930	Athe_2758
ATHE_RS13935	Athe_2759
ATHE_RS13940	Athe_2760
ATHE_RS14530	Athe_2761
ATHE_RS14535	Athe_2762
ATHE_RS13955	Athe_2763
ATHE_RS13960	Athe_2764
ATHE_RS13965	Athe_2765
ATHE_RS13970	Athe_2766
ATHE_RS13975	Athe_2767
ATHE_RS13980	Athe_2768
ATHE_RS14445	Athe_2770
ATHE_RS13995	Athe_2771
ATHE_RS14000	Athe_2772
ATHE_RS14005	Athe_2773
ATHE_RS14010	Athe_2774
ATHE_RS14020	Athe_2776
ATHE_RS14025	NA
ATHE_RS14030	Athe_2777
ATHE_RS14035	Athe_2778
ATHE_RS14040	Athe_2779
ATHE_RS14045	Athe_2780
