gene_id	KO	rxn from KO	EC	rxn from EC
ate:Athe_0523	ko:K01999	-	-	-
ate:Athe_0762	ko:K02434	rn:R03905,rn:R04212	ec:6.3.5.6,ec:6.3.5.7	rn:R04212,rn:R03905
ate:Athe_0761	ko:K02433	rn:R03905,rn:R04212	ec:6.3.5.6,ec:6.3.5.7	rn:R04212,rn:R03905
ate:Athe_0760	ko:K02435	rn:R03905,rn:R04212	ec:6.3.5.6,ec:6.3.5.7	rn:R04212,rn:R03905
ate:Athe_0767	ko:K13292	-	-	-
ate:Athe_0689	ko:K07462	-	-	-
ate:Athe_0507	ko:K01649	rn:R01213	ec:2.3.3.13	rn:R01213
ate:Athe_0459	ko:K18675	rn:R09942	ec:2.4.1.280	rn:R09942
ate:Athe_0686	ko:K00789	rn:R00177,rn:R04771	ec:2.5.1.6	rn:R04771,rn:R00177
ate:Athe_1485	ko:K03306	-	-	-
ate:Athe_0596	ko:K17320	-	-	-
ate:Athe_1664	ko:K02406	-	-	-
ate:Athe_1430	ko:K02108	-	-	-
ate:Athe_1921	ko:K02238	-	-	-
ate:Athe_0243	ko:K03499	-	-	-
ate:Athe_0368	ko:K03154	-	-	-
ate:Athe_1484	ko:K07220	-	-	-
ate:Athe_0597	ko:K17318	-	-	-
ate:Athe_0616	ko:K10119	-	-	-
ate:Athe_0967	ko:K03106	-	ec:3.6.5.4	rn:R00335
ate:Athe_0966	ko:K09787	-	-	-
ate:Athe_0612	ko:K07457	-	-	-
ate:Athe_0963	ko:K01990	-	-	-
ate:Athe_1884	ko:K02652	-	-	-
ate:Athe_0969	ko:K06960	-	-	-
ate:Athe_0769	ko:K03925	-	-	-
ate:Athe_0619	ko:K15916	rn:R01819,rn:R02739,rn:R02740,rn:R03321	ec:5.3.1.9,ec:5.3.1.8	rn:R02739,rn:R00771,rn:R02740,rn:R03321,rn:R00772,rn:R01819
ate:Athe_0618	ko:K01181	-	ec:3.2.1.8	-
ate:Athe_1286	ko:K09775	-	-	-
ate:Athe_0803	ko:K03412	-	ec:3.1.1.61	rn:R02624
ate:Athe_0467	ko:K19091	-	-	-
ate:Athe_0460	ko:K00702	rn:R00952	ec:2.4.1.20	rn:R06056,rn:R00952
ate:Athe_1563	ko:K04759	-	-	-
ate:Athe_1560	ko:K01449	rn:R04112	ec:3.5.1.28	rn:R04112
ate:Athe_0463	ko:K03664	-	-	-
ate:Athe_2097	ko:K02990	-	-	-
ate:Athe_0468	ko:K07407	rn:R01101,rn:R01103,rn:R01104,rn:R01194,rn:R01329,rn:R02926,rn:R03634,rn:R04019,rn:R04470,rn:R05549,rn:R05961,rn:R06091	ec:3.2.1.22	rn:R01101,rn:R01103,rn:R01104,rn:R01194,rn:R01329,rn:R02926,rn:R03618,rn:R03634,rn:R04019,rn:R04470,rn:R05549,rn:R05961,rn:R06070,rn:R06091,rn:R06093,rn:R06094,rn:R06096,rn:R06142,rn:R06152
ate:Athe_0469	ko:K06976	-	-	-
ate:Athe_1769	ko:K03408	-	-	-
ate:Athe_2480	ko:K07491	-	-	-
ate:Athe_1666	ko:K07133	-	-	-
ate:Athe_2095	ko:K02963	-	-	-
ate:Athe_2486	ko:K02315	-	-	-
ate:Athe_2761	ko:K08998	-	-	-
ate:Athe_2760	ko:K03217	-	-	-
ate:Athe_2763	ko:K02914	-	-	-
ate:Athe_2762	ko:K03536	-	ec:3.1.26.5	-
ate:Athe_2765	ko:K06295	-	-	-
ate:Athe_2178	ko:K03667	-	-	-
ate:Athe_2310	ko:K02027	-	-	-
ate:Athe_2647	ko:K01012	rn:R01078	ec:2.8.1.6	rn:R01078
ate:Athe_1653	ko:K02407	-	-	-
ate:Athe_2643	ko:K09457	rn:R07605	ec:1.7.1.13	rn:R07605
ate:Athe_2316	ko:K02346	-	ec:2.7.7.7	rn:R11029,rn:R00375,rn:R00376,rn:R00377,rn:R00378,rn:R00379
ate:Athe_0860	ko:K02006	-	-	-
ate:Athe_1654	ko:K06603	-	-	-
ate:Athe_1960	ko:K00872	rn:R01771	ec:2.7.1.39	rn:R01771
ate:Athe_1961	ko:K00928	rn:R00480	ec:2.7.2.4	rn:R00480
ate:Athe_0864	ko:K03655	-	ec:3.6.4.12	rn:R00086
ate:Athe_2648	ko:K05366	-	ec:2.4.1.129,ec:3.4.16.4	rn:R04519,rn:R06177,rn:R06179,rn:R06178,-
ate:Athe_0867	ko:K07075	-	-	-
ate:Athe_1669	ko:K03563	-	-	-
ate:Athe_0979	ko:K06411	-	-	-
ate:Athe_R0027	ko:K14228	-	-	-
ate:Athe_0137	ko:K19134	-	-	-
ate:Athe_0042	ko:K03924	-	-	-
ate:Athe_2308	ko:K02026	-	-	-
ate:Athe_1307	ko:K03608	-	-	-
ate:Athe_0773	ko:K01928	rn:R02788	ec:6.3.2.13	rn:R02788
ate:Athe_0046	ko:K01939	rn:R01135	ec:6.3.4.4	rn:R01135
ate:Athe_1315	ko:K01480	rn:R01157	ec:3.5.3.11	rn:R01157
ate:Athe_1314	ko:K00797	rn:R01920,rn:R02869,rn:R08359	ec:2.5.1.16	rn:R02869,rn:R08359,rn:R01920
ate:Athe_1700	ko:K00891	rn:R02412	ec:2.7.1.71	rn:R02412
ate:Athe_0381	ko:K00941	rn:R03471,rn:R04509	ec:2.7.1.49,ec:2.7.4.7	rn:R03471,rn:R04509
ate:Athe_1707	ko:K01992	-	-	-
ate:Athe_0382	ko:K00773	rn:R03789,rn:R10209	ec:2.4.2.29	rn:R03789,rn:R10209
ate:Athe_1708	ko:K00169	rn:R01196,rn:R01199,rn:R08034	ec:1.2.7.1	rn:R01199,rn:R08034,rn:R01196
ate:Athe_1709	ko:K00172	rn:R01196,rn:R01199,rn:R08034	ec:1.2.7.1	rn:R01199,rn:R08034,rn:R01196
ate:Athe_1319	ko:K01571	rn:R00217	ec:4.1.1.3	rn:R00995,rn:R00217
ate:Athe_0825	ko:K05773	-	-	-
ate:Athe_1492	ko:K05919	-	ec:1.15.1.2	rn:R05743
ate:Athe_1493	ko:K00925	rn:R00315,rn:R01353	ec:2.7.2.1	rn:R01353,rn:R00315
ate:Athe_0149	ko:K02769,ko:K02770	rn:R03232,rn:R03232	ec:2.7.1.202	rn:R03232
ate:Athe_1491	ko:K01873	rn:R03665	ec:6.1.1.9	rn:R03665
ate:Athe_1497	ko:K03666	-	-	-
ate:Athe_1494	ko:K00625	rn:R00230,rn:R00921	ec:2.3.1.8	rn:R00921,rn:R00230
ate:Athe_1495	ko:K01356	-	ec:3.4.21.88	-
ate:Athe_1302	ko:K03570	-	-	-
ate:Athe_1498	ko:K00791	rn:R01122	ec:2.5.1.75	rn:R01122
ate:Athe_1499	ko:K03572	-	-	-
ate:Athe_0147	ko:K00882	rn:R02071	ec:2.7.1.56	rn:R02071,rn:R03236
ate:Athe_1799	ko:K21471	-	-	-
ate:Athe_1798	ko:K03797	-	ec:3.4.21.102	-
ate:Athe_2164	ko:K02390	-	-	-
ate:Athe_2163	ko:K02385	-	-	-
ate:Athe_2162	ko:K02415	-	-	-
ate:Athe_2161	ko:K02416	-	-	-
ate:Athe_2160	ko:K02417	-	-	-
ate:Athe_1791	ko:K06423	-	-	-
ate:Athe_1790	ko:K06012	-	ec:3.4.24.78	-
ate:Athe_0391	ko:K03210	-	-	-
ate:Athe_1736	ko:K02961	-	-	-
ate:Athe_1794	ko:K03429	rn:R02689,rn:R04377	ec:2.4.1.315	rn:R02689,rn:R04377,rn:R10807
ate:Athe_2169	ko:K02413	-	-	-
ate:Athe_1360	ko:K08963	rn:R04420	ec:5.3.1.23	rn:R04420
ate:Athe_1361	ko:K00772	rn:R01402	ec:2.4.2.28	rn:R01402
ate:Athe_1814	ko:K09903	rn:R00158	ec:2.7.4.22	rn:R00158
ate:Athe_1815	ko:K02357	-	-	-
ate:Athe_1812	ko:K00806	rn:R06447	ec:2.5.1.31	rn:R06447
ate:Athe_1813	ko:K02838	-	-	-
ate:Athe_1810	ko:K00099	rn:R05688	ec:1.1.1.267	rn:R05688
ate:Athe_0548	ko:K21636	rn:R11633,rn:R11634,rn:R11635,rn:R11636	ec:1.1.98.6	rn:R11592,rn:R11633,rn:R11634,rn:R11635,rn:R11636
ate:Athe_0815	ko:K06409	-	-	-
ate:Athe_0546	ko:K10206	rn:R07613	ec:2.6.1.83	rn:R07613
ate:Athe_1403	ko:K01689	rn:R00658	ec:4.2.1.11	rn:R04206,rn:R00658
ate:Athe_0544	ko:K03525	rn:R02971,rn:R03018,rn:R04391	ec:2.7.1.33	rn:R02971,rn:R04391,rn:R03018
ate:Athe_1405	ko:K00927,ko:K01803	rn:R01512,rn:R01015	ec:2.7.2.3,ec:5.3.1.1	rn:R01512,rn:R01015
ate:Athe_1404	ko:K15633	rn:R01518	ec:5.4.2.12	rn:R01518
ate:Athe_1407	ko:K05311	-	-	-
ate:Athe_1406	ko:K00134	rn:R01061	ec:1.2.1.12	rn:R01061
ate:Athe_1148	ko:K01784	rn:R00291,rn:R02984	ec:5.1.3.2	rn:R00418,rn:R02984,rn:R00291
ate:Athe_0658	ko:K03624	-	-	-
ate:Athe_2189	ko:K03711	-	-	-
ate:Athe_1639	ko:K00088	rn:R01130,rn:R08240	ec:1.1.1.205	rn:R08240,rn:R01130
ate:Athe_1636	ko:K06898	-	-	-
ate:Athe_2184	ko:K08591	rn:R00851,rn:R09380	ec:2.3.1.15	rn:R09380,rn:R00851,rn:R02617
ate:Athe_1634	ko:K06942	-	-	-
ate:Athe_1635	ko:K09121	-	-	-
ate:Athe_2181	ko:K03168	-	ec:5.99.1.2	-
ate:Athe_2180	ko:K04094	-	ec:2.1.1.74	rn:R03704
ate:Athe_2183	ko:K14415	-	ec:6.5.1.3	rn:R00436,rn:R07640
ate:Athe_2182	ko:K04096	-	-	-
ate:Athe_1582	ko:K02004	-	-	-
ate:Athe_1220	ko:K06183	-	ec:5.4.99.19	-
ate:Athe_1223	ko:K07030	-	-	-
ate:Athe_2560	ko:K03924	-	-	-
ate:Athe_1224	ko:K03655	-	ec:3.6.4.12	rn:R00086
ate:Athe_1227	ko:K00954	rn:R03035	ec:2.7.7.3	rn:R03035
ate:Athe_0319	ko:K00075	rn:R03191,rn:R03192	ec:1.3.1.98	rn:R03191,rn:R03192
ate:Athe_1386	ko:K01998	-	-	-
ate:Athe_1387	ko:K01997	-	-	-
ate:Athe_0314	ko:K01534	-	ec:3.6.3.3,ec:3.6.3.5	rn:R00086,rn:R00086
ate:Athe_1385	ko:K01995	-	-	-
ate:Athe_1382	ko:K00762	rn:R01870	ec:2.4.2.10	rn:R08231,rn:R01870
ate:Athe_0313	ko:K08999	-	-	-
ate:Athe_1380	ko:K17828	rn:R01869	ec:1.3.1.14	rn:R01869
ate:Athe_1381	ko:K15634	rn:R01518	ec:5.4.2.12	rn:R01518
ate:Athe_2268	ko:K10441	-	ec:3.6.3.17	rn:R00086
ate:Athe_1688	ko:K16786	-	-	-
ate:Athe_2448	ko:K03111	-	-	-
ate:Athe_2262	ko:K06885	-	-	-
ate:Athe_2264	ko:K10439	-	-	-
ate:Athe_2265	ko:K10440	-	-	-
ate:Athe_2266	ko:K10441	-	ec:3.6.3.17	rn:R00086
ate:Athe_R0003	ko:K01977	-	-	-
ate:Athe_2506	ko:K07496	-	-	-
ate:Athe_1727	ko:K02876	-	-	-
ate:Athe_2367	ko:K01992	-	-	-
ate:Athe_1258	ko:K07040	-	-	-
ate:Athe_2152	ko:K02404	-	-	-
ate:Athe_R0022	ko:K14228	-	-	-
ate:Athe_2129	ko:K08301	-	-	-
ate:Athe_1034	ko:K09777	-	-	-
ate:Athe_1035	ko:K00942	rn:R00332,rn:R02090	ec:2.7.4.8	rn:R02090,rn:R00332
ate:Athe_1036	ko:K03060	rn:R00435,rn:R00441,rn:R00442,rn:R00443	ec:2.7.7.6	rn:R10813,rn:R00435,rn:R00441,rn:R00442,rn:R00443,rn:R00444
ate:Athe_1037	ko:K13038	rn:R03269,rn:R04230,rn:R04231	ec:4.1.1.36,ec:6.3.2.5	rn:R03269,rn:R04230,rn:R04231
ate:Athe_1030	ko:K09116	-	-	-
ate:Athe_1135	ko:K00133	rn:R02291	ec:1.2.1.11	rn:R02291
ate:Athe_1134	ko:K01714	rn:R10147	ec:4.3.3.7	rn:R10147
ate:Athe_1137	ko:K01770	rn:R05637	ec:4.6.1.12	rn:R05637
ate:Athe_1131	ko:K03170	-	ec:5.99.1.3,ec:3.6.4.12	-,rn:R00086
ate:Athe_1039	ko:K01462	-	ec:3.5.1.88	rn:R04268,rn:R05635
ate:Athe_1133	ko:K00215	rn:R04198,rn:R04199	ec:1.17.1.8	rn:R04198,rn:R04199
ate:Athe_1981	ko:K00606	rn:R01226	ec:2.1.2.11	rn:R01216,rn:R01226
ate:Athe_0096	ko:K01443	rn:R02059	ec:3.5.1.25	rn:R05168,rn:R02059
ate:Athe_0118	ko:K07979	-	-	-
ate:Athe_0512	ko:K00943	rn:R02094,rn:R02098	ec:2.7.4.9	rn:R02098,rn:R02094
ate:Athe_R0012	ko:K14232	-	-	-
ate:Athe_1983	ko:K02217	-	ec:1.16.3.2	-
ate:Athe_0925	ko:K03642	-	-	-
ate:Athe_0615	ko:K10118	-	-	-
ate:Athe_0927	ko:K01118	-	-	-
ate:Athe_1439	ko:K08309	-	-	-
ate:Athe_0107	ko:K10544	-	-	-
ate:Athe_0614	ko:K10117	-	-	-
ate:Athe_2219	ko:K07138	-	-	-
ate:Athe_2218	ko:K01664	rn:R01716	ec:2.6.1.85	rn:R01716
ate:Athe_2215	ko:K03734	-	ec:2.7.1.180	rn:R10613
ate:Athe_2217	ko:K01665	rn:R01716	ec:2.6.1.85	rn:R01716
ate:Athe_2210	ko:K07090	-	-	-
ate:Athe_0033	ko:K03744	-	-	-
ate:Athe_2079	ko:K02026	-	-	-
ate:Athe_0031	ko:K06001	rn:R00674,rn:R02340,rn:R02722	ec:4.2.1.20	rn:R02722,rn:R02340,rn:R00674
ate:Athe_1015	ko:K06929	-	-	-
ate:Athe_0037	ko:K16789	-	-	-
ate:Athe_2148	ko:K03408	-	-	-
ate:Athe_1480	ko:K02502	rn:R01071	-	-
ate:Athe_0034	ko:K06872	-	-	-
ate:Athe_1816	ko:K02967	-	-	-
ate:Athe_1745	ko:K02906	-	-	-
ate:Athe_1157	ko:K02078	-	-	-
ate:Athe_2608	ko:K09013	-	-	-
ate:Athe_1789	ko:K06385	-	-	-
ate:Athe_0273	ko:K02016	-	-	-
ate:Athe_0101	ko:K10543	-	-	-
ate:Athe_2602	ko:K07243	-	-	-
ate:Athe_2601	ko:K06398	-	-	-
ate:Athe_2606	ko:K00384	rn:R02016,rn:R03596,rn:R09372	ec:1.8.1.9	rn:R00900,rn:R03596,rn:R09372,rn:R02016
ate:Athe_1340	ko:K03469	-	ec:3.1.26.4	-
ate:Athe_2544	ko:K03523	-	-	-
ate:Athe_2338	ko:K02392	-	-	-
ate:Athe_R0059	ko:K14236	-	-	-
ate:Athe_2112	ko:K03075	-	-	-
ate:Athe_2732	ko:K06406	-	-	-
ate:Athe_1346	ko:K02221	-	-	-
ate:Athe_1742	ko:K02886	-	-	-
ate:Athe_1050	ko:K07742	-	-	-
ate:Athe_0968	ko:K02959	-	-	-
ate:Athe_2071	ko:K00865	rn:R08572	ec:2.7.1.165	rn:R08572
ate:Athe_1051	ko:K02519	-	-	-
ate:Athe_0648	ko:K03530	-	-	-
ate:Athe_1344	ko:K06997	-	-	-
ate:Athe_1783	ko:K07335	-	-	-
ate:Athe_0644	ko:K00266	rn:R00093,rn:R00114,rn:R00248	ec:1.4.1.13,ec:1.4.1.14	rn:R00114,rn:R00256,rn:R00248,rn:R00093
ate:Athe_0645	ko:K00528	rn:R10159	ec:1.18.1.2,ec:1.19.1.1	rn:R01195,rn:R10159,rn:R11485
ate:Athe_0646	ko:K06283	-	-	-
ate:Athe_0647	ko:K02499	-	-	-
ate:Athe_0640	ko:K04075	rn:R09597	ec:6.3.4.19	rn:R09597
ate:Athe_0641	ko:K00760	rn:R00190,rn:R01132,rn:R01229,rn:R02142,rn:R08237,rn:R08238,rn:R08245	ec:2.4.2.8	rn:R00190,rn:R01229,rn:R02142,rn:R08237,rn:R08238,rn:R08245,rn:R01132
ate:Athe_0642	ko:K03798	-	-	-
ate:Athe_0643	ko:K01915	rn:R00253	ec:6.3.1.2	rn:R00253
ate:Athe_0514	ko:K09770	-	-	-
ate:Athe_0515	ko:K02341	rn:R00375,rn:R00376,rn:R00377,rn:R00378	ec:2.7.7.7	rn:R11029,rn:R00375,rn:R00376,rn:R00377,rn:R00378,rn:R00379
ate:Athe_1454	ko:K04771	-	ec:3.4.21.107	-
ate:Athe_2072	ko:K01206	-	ec:3.2.1.51	rn:R03162
ate:Athe_1452	ko:K01923	rn:R04591	ec:6.3.2.6	rn:R04591
ate:Athe_0458	ko:K05350	rn:R00026,rn:R02558,rn:R02887,rn:R02985,rn:R03527,rn:R04949,rn:R04998,rn:R10035,rn:R10039,rn:R10040	ec:3.2.1.21	rn:R00026,rn:R00306,rn:R02558,rn:R02887,rn:R02985,rn:R03527,rn:R04949,rn:R04998,rn:R06077,rn:R06092,rn:R10035,rn:R10039,rn:R10040
ate:Athe_1450	ko:K01952	rn:R04463	ec:6.3.5.3	rn:R04463
ate:Athe_1451	ko:K01952	rn:R04463	ec:6.3.5.3	rn:R04463
ate:Athe_0455	ko:K03215	-	ec:2.1.1.190	-
ate:Athe_0106	ko:K10545	-	ec:3.6.3.17	rn:R00086
ate:Athe_0457	ko:K00567	-	ec:2.1.1.63	rn:R04314
ate:Athe_0453	ko:K07216	-	-	-
ate:Athe_1459	ko:K08744	rn:R02030	ec:2.7.8.41	rn:R02030
ate:Athe_1562	ko:K03711	-	-	-
ate:Athe_1529	ko:K02864	-	-	-
ate:Athe_1080	ko:K01448	rn:R04112	ec:3.5.1.28	rn:R04112
ate:Athe_2328	ko:K00615	rn:R01067,rn:R01641,rn:R01830,rn:R06590	ec:2.2.1.1	rn:R01067,rn:R01830,rn:R06590,rn:R06861,rn:R06863,rn:R01641
ate:Athe_2042	ko:K06962	-	-	-
ate:Athe_2043	ko:K03218	-	ec:2.1.1.185	-
ate:Athe_2044	ko:K03465	rn:R06613	ec:2.1.1.148	rn:R06613
ate:Athe_2733	ko:K06407	-	-	-
ate:Athe_2046	ko:K02315	-	-	-
ate:Athe_2047	ko:K02372	rn:R04428,rn:R04535,rn:R04537,rn:R04544,rn:R04568,rn:R04954,rn:R04965,rn:R07764,rn:R10117,rn:R10121	ec:4.2.1.59	rn:R10117,rn:R10121,rn:R04428,rn:R04535,rn:R04537,rn:R04544,rn:R04568,rn:R04954,rn:R04965,rn:R10208
ate:Athe_2321	ko:K07496	-	-	-
ate:Athe_2049	ko:K11145	-	-	-
ate:Athe_2323	ko:K00820	rn:R00768	ec:2.6.1.16	rn:R00768
ate:Athe_1780	ko:K02057	-	-	-
ate:Athe_2324	ko:K03431	rn:R02060	ec:5.4.2.10	rn:R02060
ate:Athe_2327	ko:K07088	-	-	-
ate:Athe_2453	ko:K02283	-	-	-
ate:Athe_1913	ko:K15580	-	-	-
ate:Athe_0850	ko:K17319	-	-	-
ate:Athe_1528	ko:K02935	-	-	-
ate:Athe_0852	ko:K07718	-	ec:2.7.13.3	-
ate:Athe_0855	ko:K00040	rn:R02454	ec:1.1.1.57	rn:R02454
ate:Athe_0854	ko:K01235	-	ec:3.2.1.139	rn:R01480
ate:Athe_0857	ko:K01190	rn:R01105,rn:R01678,rn:R03355,rn:R04783,rn:R06114	ec:3.2.1.23	rn:R01100,rn:R01105,rn:R01678,rn:R03355,rn:R04633,rn:R04783,rn:R05112,rn:R05994,rn:R06010,rn:R06098,rn:R06099,rn:R06114,rn:R06144,rn:R06202,rn:R07807
ate:Athe_0856	ko:K01686	rn:R05606	ec:4.2.1.8	rn:R05606
ate:Athe_1522	ko:K00991	rn:R05633	ec:2.7.7.60	rn:R05633
ate:Athe_0623	ko:K06871	-	-	-
ate:Athe_1919	ko:K02968	-	-	-
ate:Athe_1918	ko:K00016	rn:R00703,rn:R01000,rn:R03104	ec:1.1.1.27	rn:R01000,rn:R03104,rn:R00703
ate:Athe_0424	ko:K09888	-	-	-
ate:Athe_1524	ko:K01537	-	ec:3.6.3.8	rn:R00086
ate:Athe_1525	ko:K06147	-	-	-
ate:Athe_2309	ko:K02025	-	-	-
ate:Athe_1779	ko:K02057	-	-	-
ate:Athe_1778	ko:K03710	-	-	-
ate:Athe_1741	ko:K02965	-	-	-
ate:Athe_1677	ko:K02398	-	-	-
ate:Athe_1674	ko:K02397	-	-	-
ate:Athe_1289	ko:K06442	-	ec:2.1.1.226,ec:2.1.1.227	-,-
ate:Athe_1773	ko:K01839	rn:R01057,rn:R02749	ec:5.4.2.7	rn:R02749,rn:R01057
ate:Athe_1772	ko:K03783	rn:R01561,rn:R01863,rn:R01969,rn:R02147,rn:R02294,rn:R02295,rn:R02297,rn:R02484,rn:R02557,rn:R02748,rn:R08368,rn:R10244	ec:2.4.2.1	rn:R02294,rn:R02295,rn:R02484,rn:R01561,rn:R01863,rn:R02147,rn:R02297,rn:R08368,rn:R01969,rn:R02557,rn:R02748,rn:R10244
ate:Athe_1771	ko:K03413	-	-	-
ate:Athe_1770	ko:K03407	-	ec:2.7.13.3	-
ate:Athe_1777	ko:K01489	rn:R01878,rn:R02485,rn:R08221	ec:3.5.4.5	rn:R08221,rn:R01878,rn:R02485
ate:Athe_1533	ko:K03073	-	-	-
ate:Athe_1775	ko:K00756	rn:R01570,rn:R01876,rn:R02296,rn:R02484	ec:2.4.2.2	rn:R02296,rn:R02298,rn:R01876,rn:R01570,rn:R02484
ate:Athe_1774	ko:K01619	rn:R01066	ec:4.1.2.4	rn:R01066
ate:Athe_1628	ko:K08978	-	-	-
ate:Athe_1373	ko:K02825	rn:R00966	ec:2.4.2.9	rn:R00966
ate:Athe_1859	ko:K01218	rn:R01332	ec:3.2.1.78	rn:R01332,rn:R08612
ate:Athe_2128	ko:K02356	-	-	-
ate:Athe_0807	ko:K02950	-	-	-
ate:Athe_0212	ko:K00950	rn:R03503	ec:2.7.6.3	rn:R03503
ate:Athe_0210	ko:K00796	rn:R03066,rn:R03067	ec:2.5.1.15	rn:R03066,rn:R03067
ate:Athe_0217	ko:K06382	-	ec:3.1.3.16	rn:R00164
ate:Athe_0552	ko:K00845	rn:R00299,rn:R01600,rn:R01786	ec:2.7.1.2	rn:R00299,rn:R01600,rn:R01786
ate:Athe_1161	ko:K02040	-	-	-
ate:Athe_1411	ko:K03584	-	-	-
ate:Athe_2138	ko:K04078	-	-	-
ate:Athe_1702	ko:K03088	-	-	-
ate:Athe_2134	ko:K03409	-	-	-
ate:Athe_0554	ko:K00688	rn:R02111	ec:2.4.1.1	rn:R02111,rn:R06050,rn:R06185,rn:R01821
ate:Athe_2137	ko:K04077	-	-	-
ate:Athe_R0058	ko:K14234	-	-	-
ate:Athe_2133	ko:K03216	-	ec:2.1.1.207	-
ate:Athe_2035	ko:K01912	rn:R02539	ec:6.2.1.30	rn:R02539
ate:Athe_R0026	ko:K14228	-	-	-
ate:Athe_R0025	ko:K14230	-	-	-
ate:Athe_2036	ko:K01887	rn:R03646	ec:6.1.1.19	rn:R03646
ate:Athe_1294	ko:K07053	rn:R00188,rn:R11188	ec:3.1.3.97	rn:R00188,rn:R11188
ate:Athe_1295	ko:K18330	-	ec:1.12.1.3	rn:R07181
ate:Athe_1297	ko:K17992	-	ec:1.12.1.3	rn:R07181
ate:Athe_1298	ko:K18331	-	ec:1.12.1.3	rn:R07181
ate:Athe_1299	ko:K18332	-	ec:1.12.1.3	rn:R07181
ate:Athe_2428	ko:K03469	-	ec:3.1.26.4	-
ate:Athe_0801	ko:K01868	rn:R03663	ec:6.1.1.3	rn:R03663
ate:Athe_2039	ko:K01921	rn:R01150	ec:6.3.2.4	rn:R01150
ate:Athe_2038	ko:K01776	rn:R00260	ec:5.1.1.3	rn:R00260
ate:Athe_R0029	ko:K14225	-	-	-
ate:Athe_R0028	ko:K14234	-	-	-
ate:Athe_1078	ko:K00930	rn:R02649	ec:2.7.2.8	rn:R02649
ate:Athe_1079	ko:K00145	rn:R03443	ec:1.2.1.38	rn:R03443
ate:Athe_1164	ko:K06416	-	-	-
ate:Athe_1070	ko:K02493	rn:R10806	ec:2.1.1.297	rn:R10806
ate:Athe_1071	ko:K02835	-	-	-
ate:Athe_1072	ko:K02556	-	-	-
ate:Athe_1073	ko:K02557	-	-	-
ate:Athe_1074	ko:K07238	-	-	-
ate:Athe_1075	ko:K07566	rn:R10463	ec:2.7.7.87	rn:R10463
ate:Athe_1076	ko:K01104	-	ec:3.1.3.48	rn:R02585
ate:Athe_1077	ko:K00783	-	ec:2.1.1.177	-
ate:Athe_1170	ko:K03110	-	-	-
ate:Athe_1173	ko:K05601	rn:R00143	ec:1.7.99.1	rn:R00143,rn:R00284
ate:Athe_0733	ko:K07082	-	-	-
ate:Athe_2332	ko:K17320	-	-	-
ate:Athe_1177	ko:K01589	rn:R07404	ec:6.3.4.18	rn:R07404
ate:Athe_1279	ko:K01736	rn:R01714	ec:4.2.3.5	rn:R01714
ate:Athe_1178	ko:K01588	rn:R07405	ec:5.4.99.18	rn:R07405
ate:Athe_1274	ko:K07042	-	-	-
ate:Athe_1275	ko:K00901	rn:R02240	ec:2.7.1.107	rn:R02240
ate:Athe_1272	ko:K06217	-	-	-
ate:Athe_1273	ko:K07037	-	-	-
ate:Athe_1271	ko:K06438	-	-	-
ate:Athe_1389	ko:K09126	-	-	-
ate:Athe_1169	ko:K03529	-	-	-
ate:Athe_0540	ko:K01163	-	-	-
ate:Athe_1453	ko:K06901	-	-	-
ate:Athe_1735	ko:K02874	-	-	-
ate:Athe_0437	ko:K03090	-	-	-
ate:Athe_1308	ko:K05837	-	-	-
ate:Athe_1438	ko:K03702	-	-	-
ate:Athe_2250	ko:K01992	-	-	-
ate:Athe_2253	ko:K01883	rn:R03650	ec:6.1.1.16	rn:R03650
ate:Athe_0580	ko:K03413	-	-	-
ate:Athe_2255	ko:K09698	rn:R03651,rn:R05578	ec:6.1.1.24	rn:R03651,rn:R05578
ate:Athe_2254	ko:K00640	rn:R00586	ec:2.3.1.30	rn:R00586
ate:Athe_2173	ko:K02409	-	-	-
ate:Athe_2556	ko:K02529	-	-	-
ate:Athe_2557	ko:K16213	rn:R01445,rn:R10810	ec:5.1.3.11	rn:R06245,rn:R10810,rn:R01445
ate:Athe_2555	ko:K18785	rn:R10811,rn:R10829	ec:2.4.1.319,ec:2.4.1.320	rn:R10811,rn:R10829
ate:Athe_2552	ko:K17320	-	-	-
ate:Athe_2553	ko:K17319	-	-	-
ate:Athe_1182	ko:K02051	-	-	-
ate:Athe_2551	ko:K07718	-	ec:2.7.13.3	-
ate:Athe_0677	ko:K01990	-	-	-
ate:Athe_1915	ko:K15583	-	-	-
ate:Athe_1897	ko:K02437	rn:R01221	-	-
ate:Athe_2311	ko:K05499	-	-	-
ate:Athe_1916	ko:K15582	-	-	-
ate:Athe_1914	ko:K10823	-	-	-
ate:Athe_0112	ko:K09696	-	-	-
ate:Athe_0859	ko:K02008	-	-	-
ate:Athe_0811	ko:K03665	-	-	-
ate:Athe_1009	ko:K00180	-	ec:1.2.7.8	rn:R07161
ate:Athe_1008	ko:K00179	-	ec:1.2.7.8	rn:R07161
ate:Athe_1004	ko:K13789	rn:R01658,rn:R02003,rn:R02061	ec:2.5.1.1,ec:2.5.1.10,ec:2.5.1.29	rn:R01658,rn:R02003,rn:R02061
ate:Athe_1006	ko:K04769	-	-	-
ate:Athe_1001	ko:K03625	-	-	-
ate:Athe_0422	ko:K19265	-	-	-
ate:Athe_1003	ko:K03602	-	ec:3.1.11.6	-
ate:Athe_1002	ko:K03601	-	ec:3.1.11.6	-
ate:Athe_2375	ko:K10193	-	-	-
ate:Athe_2640	ko:K07089	-	-	-
ate:Athe_2751	ko:K03497	-	-	-
ate:Athe_1526	ko:K06147	-	-	-
ate:Athe_0793	ko:K05896	-	-	-
ate:Athe_2236	ko:K03408	-	-	-
ate:Athe_0976	ko:K04061	-	-	-
ate:Athe_0977	ko:K07460	-	-	-
ate:Athe_0974	ko:K03470	-	ec:3.1.26.4	-
ate:Athe_0603	ko:K01805	rn:R00878,rn:R01432	ec:5.3.1.5	rn:R00307,rn:R00878,rn:R01432
ate:Athe_0972	ko:K02884	-	-	-
ate:Athe_0426	ko:K08303	-	-	-
ate:Athe_0970	ko:K02860	-	-	-
ate:Athe_0609	ko:K01200	rn:R02111	ec:3.2.1.41	-
ate:Athe_0978	ko:K06410	-	-	-
ate:Athe_R0044	ko:K14228	-	-	-
ate:Athe_1553	ko:K03705	-	-	-
ate:Athe_1552	ko:K03687	-	-	-
ate:Athe_1551	ko:K04043	-	-	-
ate:Athe_1550	ko:K03686	-	-	-
ate:Athe_1557	ko:K06179	-	ec:5.4.99.24	-
ate:Athe_1556	ko:K07282	-	-	-
ate:Athe_1555	ko:K03596	-	-	-
ate:Athe_1559	ko:K07258	-	ec:3.4.16.4	-
ate:Athe_1670	ko:K13626	-	-	-
ate:Athe_0780	ko:K03589	-	-	-
ate:Athe_0783	ko:K03531	-	-	-
ate:Athe_R0023	ko:K14224	-	-	-
ate:Athe_0784	ko:K06383	-	-	-
ate:Athe_0787	ko:K03091	-	-	-
ate:Athe_0322	ko:K09762	-	-	-
ate:Athe_0789	ko:K00666	-	-	-
ate:Athe_0788	ko:K03091	-	-	-
ate:Athe_2649	ko:K06921	-	-	-
ate:Athe_1956	ko:K06310	-	-	-
ate:Athe_1955	ko:K06311	-	-	-
ate:Athe_1953	ko:K06387	-	-	-
ate:Athe_1952	ko:K00759	rn:R00190,rn:R01229,rn:R04378	ec:2.4.2.7	rn:R01229,rn:R04378,rn:R00190
ate:Athe_1951	ko:K00951	rn:R00429	ec:2.7.6.5	rn:R00429
ate:Athe_1950	ko:K07560	-	-	-
ate:Athe_1728	ko:K02988	-	-	-
ate:Athe_1675	ko:K02396	-	-	-
ate:Athe_0001	ko:K02313	-	-	-
ate:Athe_1959	ko:K00003	rn:R01773,rn:R01775	ec:1.1.1.3	rn:R01773,rn:R01775
ate:Athe_1958	ko:K06209	rn:R01715	ec:5.4.99.5	rn:R01715
ate:Athe_2348	ko:K01990	-	-	-
ate:Athe_0778	ko:K02563	rn:R05032,rn:R05662	ec:2.4.1.227	rn:R05032,rn:R06172,rn:R06173,rn:R06174,rn:R05662
ate:Athe_0774	ko:K01929	rn:R04573,rn:R04617	ec:6.3.2.10	rn:R04617,rn:R04573
ate:Athe_0775	ko:K01000	rn:R05629,rn:R05630	ec:2.7.8.13	rn:R05630,rn:R05629
ate:Athe_0776	ko:K01925	rn:R02783	ec:6.3.2.9	rn:R02783
ate:Athe_0777	ko:K03588	-	-	-
ate:Athe_0770	ko:K03438	-	ec:2.1.1.199	-
ate:Athe_0772	ko:K08384	-	-	-
ate:Athe_0078	ko:K01937	rn:R00571,rn:R00573	ec:6.3.4.2	rn:R00573,rn:R00256,rn:R00571
ate:Athe_1306	ko:K03609	-	-	-
ate:Athe_0397	ko:K01838	rn:R02728,rn:R11310	ec:5.4.2.6	rn:R11310,rn:R02728
ate:Athe_1304	ko:K05515	-	ec:3.4.16.4	-
ate:Athe_0395	ko:K00971	rn:R00885	ec:2.7.7.13	rn:R00885
ate:Athe_0392	ko:K02528	rn:R10716	ec:2.1.1.182	rn:R10716
ate:Athe_0393	ko:K01596	rn:R00431,rn:R00726	ec:4.1.1.32	rn:R00726,rn:R00431
ate:Athe_1300	ko:K06287	-	-	-
ate:Athe_1301	ko:K03569	-	-	-
ate:Athe_0525	ko:K00030	rn:R00709	ec:1.1.1.41	rn:R00709
ate:Athe_0524	ko:K01681	rn:R01324,rn:R01325,rn:R01900	ec:4.2.1.3	rn:R01324,rn:R01325,rn:R01900
ate:Athe_0527	ko:K03802	-	ec:6.3.2.29,ec:6.3.2.30	rn:R09592,rn:R09593
ate:Athe_2151	ko:K04562	-	-	-
ate:Athe_0252	ko:K02022	-	-	-
ate:Athe_0398	ko:K10231	-	ec:2.4.1.230	rn:R07264
ate:Athe_1309	ko:K01734	rn:R01016	ec:4.2.3.3	rn:R01016
ate:Athe_2588	ko:K02004	-	-	-
ate:Athe_0150	ko:K11189	-	-	-
ate:Athe_0151	ko:K08483	-	ec:2.7.3.9	rn:R02628
ate:Athe_0152	ko:K01060	rn:R03062	ec:3.1.1.41	rn:R03062
ate:Athe_0097	ko:K01201	rn:R01498	ec:3.2.1.45	rn:R01498
ate:Athe_2582	ko:K00548	rn:R00946,rn:R09365	ec:2.1.1.13	rn:R09365,rn:R00946
ate:Athe_2584	ko:K06373	-	-	-
ate:Athe_2587	ko:K02003	-	-	-
ate:Athe_2170	ko:K02412	-	ec:3.6.3.14	rn:R00086
ate:Athe_2171	ko:K02411	-	-	-
ate:Athe_2172	ko:K02410	-	-	-
ate:Athe_2249	ko:K01990	-	-	-
ate:Athe_2174	ko:K02408	-	-	-
ate:Athe_2175	ko:K02388	-	-	-
ate:Athe_2176	ko:K02387	-	-	-
ate:Athe_2177	ko:K03706	-	-	-
ate:Athe_1782	ko:K00772	rn:R01402	ec:2.4.2.28	rn:R01402
ate:Athe_2179	ko:K01419	-	ec:3.4.25.2	-
ate:Athe_2073	ko:K01818	rn:R03163	ec:5.3.1.25,ec:5.3.1.3	rn:R03163,rn:R03163,rn:R01577
ate:Athe_1781	ko:K02056	-	ec:3.6.3.17	rn:R00086
ate:Athe_1786	ko:K04763	-	-	-
ate:Athe_2074	ko:K02529	-	-	-
ate:Athe_1784	ko:K07009	-	-	-
ate:Athe_0558	ko:K00700	rn:R02110	ec:2.4.1.18	rn:R06186,rn:R02110
ate:Athe_0559	ko:K03630	-	-	-
ate:Athe_1418	ko:K01520	rn:R02100	ec:3.6.1.23	rn:R02100
ate:Athe_0218	ko:K06381	-	-	-
ate:Athe_1827	ko:K19411	-	-	-
ate:Athe_1826	ko:K19405	rn:R11090	ec:2.7.14.1	rn:R11090
ate:Athe_1825	ko:K03696	-	-	-
ate:Athe_1824	ko:K21071	rn:R00756,rn:R00764,rn:R02073,rn:R03236,rn:R04779	ec:2.7.1.11,ec:2.7.1.90	rn:R00767,rn:R00769,rn:R00770,rn:R01843,rn:R03236,rn:R03237,rn:R03238,rn:R03239,rn:R00756,rn:R04779,rn:R00764,rn:R02073
ate:Athe_0806	ko:K07590	-	-	-
ate:Athe_1413	ko:K06180	-	ec:5.4.99.23	-
ate:Athe_1410	ko:K01880	rn:R03654	ec:6.1.1.14	rn:R03654
ate:Athe_0805	ko:K03046	rn:R00435,rn:R00441,rn:R00442,rn:R00443	ec:2.7.7.6	rn:R10813,rn:R00435,rn:R00441,rn:R00442,rn:R00443,rn:R00444
ate:Athe_0802	ko:K00096	rn:R05679,rn:R05680	ec:1.1.1.261	rn:R05679,rn:R05680
ate:Athe_0555	ko:K00703	rn:R02421	ec:2.4.1.21	rn:R06049,rn:R02421
ate:Athe_0556	ko:K00975	rn:R00948	ec:2.7.7.27	rn:R00948
ate:Athe_0557	ko:K00975	rn:R00948	ec:2.7.7.27	rn:R00948
ate:Athe_R0039	ko:K14224	-	-	-
ate:Athe_0510	ko:K01678	rn:R01082	ec:4.2.1.2	rn:R01082
ate:Athe_2198	ko:K07057	-	ec:2.5.1.128	rn:R11154,rn:R11159,rn:R11160
ate:Athe_2199	ko:K02902	-	-	-
ate:Athe_0575	ko:K03408	-	-	-
ate:Athe_2197	ko:K06176	-	ec:5.4.99.27	-
ate:Athe_2192	ko:K09816	-	-	-
ate:Athe_2193	ko:K07391	-	-	-
ate:Athe_2190	ko:K09815	-	-	-
ate:Athe_2191	ko:K09817	-	-	-
ate:Athe_1233	ko:K03521	-	-	-
ate:Athe_1230	ko:K07001	-	-	-
ate:Athe_0328	ko:K20345	-	-	-
ate:Athe_1242	ko:K16705	-	-	-
ate:Athe_1235	ko:K02238	-	-	-
ate:Athe_0323	ko:K11189	-	-	-
ate:Athe_1706	ko:K01990	-	-	-
ate:Athe_1238	ko:K13015	rn:R00421	ec:1.1.1.136	rn:R00421
ate:Athe_0320	ko:K06958	-	-	-
ate:Athe_0327	ko:K20344	-	-	-
ate:Athe_0325	ko:K00547,ko:K00297	rn:R00650,rn:R01224,rn:R07168	ec:2.1.1.10,ec:1.5.1.20	rn:R00650,rn:R11063,rn:R01224,rn:R07168
ate:Athe_0324	ko:K00548	rn:R00946,rn:R09365	ec:2.1.1.13	rn:R09365,rn:R00946
ate:Athe_2297	ko:K02003	-	-	-
ate:Athe_2296	ko:K02004	-	-	-
ate:Athe_0973	ko:K14540	-	-	-
ate:Athe_0216	ko:K03969	-	-	-
ate:Athe_2105	ko:K05808	-	-	-
ate:Athe_2041	ko:K03091	-	-	-
ate:Athe_2107	ko:K02343	rn:R00375,rn:R00376,rn:R00377,rn:R00378	ec:2.7.7.7	rn:R11029,rn:R00375,rn:R00376,rn:R00377,rn:R00378,rn:R00379
ate:Athe_2511	ko:K03530	-	-	-
ate:Athe_2101	ko:K01703	rn:R03896,rn:R03898,rn:R03968,rn:R04001,rn:R08620,rn:R08624,rn:R08628,rn:R08634,rn:R08641,rn:R08645,rn:R10170	ec:4.2.1.33,ec:4.2.1.35	rn:R10170,rn:R04001,rn:R03968,rn:R03898,rn:R03896
ate:Athe_2100	ko:K01704	rn:R03896,rn:R03898,rn:R03968,rn:R04001,rn:R10170	ec:4.2.1.33,ec:4.2.1.35	rn:R10170,rn:R04001,rn:R03968,rn:R03898,rn:R03896
ate:Athe_R0018	ko:K14219	-	-	-
ate:Athe_1738	ko:K02878	-	-	-
ate:Athe_R0016	ko:K14225	-	-	-
ate:Athe_2452	ko:K12510	-	-	-
ate:Athe_2518	ko:K04069	rn:R04710	ec:1.97.1.4	rn:R04710
ate:Athe_R0015	ko:K14231	-	-	-
ate:Athe_1733	ko:K02931	-	-	-
ate:Athe_2108	ko:K12573	-	-	-
ate:Athe_1731	ko:K02994	-	-	-
ate:Athe_R0011	ko:K14233	-	-	-
ate:Athe_1739	ko:K02982	-	-	-
ate:Athe_1744	ko:K02926	-	-	-
ate:Athe_R0019	ko:K01978	-	-	-
ate:Athe_2663	ko:K19115	-	-	-
ate:Athe_0194	ko:K03154	-	-	-
ate:Athe_1041	ko:K06973	-	-	-
ate:Athe_1040	ko:K00604	rn:R03940	ec:2.1.2.9	rn:R03940
ate:Athe_1043	ko:K06941	-	ec:2.1.1.192	-
ate:Athe_1042	ko:K03500	-	ec:2.1.1.176	-
ate:Athe_1045	ko:K12132	-	ec:2.7.11.1	rn:R03632,rn:R00162
ate:Athe_1044	ko:K20074	-	ec:3.1.3.16	rn:R00164
ate:Athe_1047	ko:K01783	rn:R01529	ec:5.1.3.1	rn:R01529
ate:Athe_1046	ko:K06949	rn:R00615,rn:R02135	ec:3.1.3.100	rn:R02135
ate:Athe_1049	ko:K02600	-	-	-
ate:Athe_1127	ko:K01273	-	ec:3.4.13.19	-
ate:Athe_1124	ko:K01740	rn:R01287,rn:R04859	ec:2.5.1.49	rn:R01287,rn:R04859,rn:R00651
ate:Athe_1125	ko:K00641	rn:R01776	ec:2.3.1.31	rn:R01776
ate:Athe_1722	ko:K02518	-	-	-
ate:Athe_R0014	ko:K14221	-	-	-
ate:Athe_1120	ko:K02899	-	-	-
ate:Athe_1121	ko:K03979	-	-	-
ate:Athe_1755	ko:K03322	-	-	-
ate:Athe_0938	ko:K00965	rn:R00955	ec:2.7.7.12	rn:R00955
ate:Athe_0939	ko:K00849	rn:R01092	ec:2.7.1.6	rn:R01092
ate:Athe_0933	ko:K02443	-	-	-
ate:Athe_0930	ko:K00111	rn:R00848	ec:1.1.5.3	rn:R00848,rn:R00849,rn:R08657
ate:Athe_2070	ko:K02871	-	-	-
ate:Athe_1490	ko:K11754	rn:R00942,rn:R02237	ec:6.3.2.12,ec:6.3.2.17	rn:R01654,rn:R02237,rn:R01654,rn:R02237,rn:R05197,rn:R00942,rn:R04241
ate:Athe_0934	ko:K01338	-	ec:3.4.21.53	-
ate:Athe_1732	ko:K02954	-	-	-
ate:Athe_1234	ko:K03522	-	-	-
ate:Athe_0148	ko:K02806	-	-	-
ate:Athe_R0010	ko:K01983	-	-	-
ate:Athe_2208	ko:K01938	rn:R00943	ec:6.3.4.3	rn:R00943
ate:Athe_2207	ko:K00639	rn:R00371	ec:2.3.1.29	rn:R00371
ate:Athe_1730	ko:K02933	-	-	-
ate:Athe_R0035	ko:K01980	-	-	-
ate:Athe_0986	ko:K03553	-	-	-
ate:Athe_0980	ko:K03466	-	-	-
ate:Athe_0743	ko:K03091	-	-	-
ate:Athe_1433	ko:K07088	-	-	-
ate:Athe_0749	ko:K00548	rn:R00946,rn:R09365	ec:2.1.1.13	rn:R09365,rn:R00946
ate:Athe_1446	ko:K11175	rn:R04325,rn:R04326	ec:2.1.2.2	rn:R04326,rn:R04325
ate:Athe_R0041	ko:K14219	-	-	-
ate:Athe_1142	ko:K03546	-	-	-
ate:Athe_2639	ko:K03892	-	-	-
ate:Athe_1510	ko:K07738	-	-	-
ate:Athe_2422	ko:K07171	-	-	-
ate:Athe_1737	ko:K02904	-	-	-
ate:Athe_2423	ko:K03086	-	-	-
ate:Athe_1726	ko:K03076	-	-	-
ate:Athe_0639	ko:K07533	-	ec:5.2.1.8	rn:R04273
ate:Athe_0638	ko:K03723	-	-	-
ate:Athe_0732	ko:K06207	-	-	-
ate:Athe_R0024	ko:K14230	-	-	-
ate:Athe_0735	ko:K08303	-	-	-
ate:Athe_0989	ko:K09769	-	-	-
ate:Athe_0988	ko:K18682	-	-	-
ate:Athe_0987	ko:K03565	-	-	-
ate:Athe_0630	ko:K00790	rn:R00660	ec:2.5.1.7	rn:R00660
ate:Athe_0633	ko:K00761	rn:R00966	ec:2.4.2.9	rn:R00966
ate:Athe_0632	ko:K01808	rn:R01056,rn:R09030	ec:5.3.1.6	rn:R09030,rn:R01056
ate:Athe_0983	ko:K14441	rn:R10652	ec:2.8.4.4	rn:R10652,rn:R10653,rn:R10654
ate:Athe_0634	ko:K01493	rn:R01663	ec:3.5.4.12	rn:R01663
ate:Athe_0637	ko:K01056	-	ec:3.1.1.29	rn:R04238
ate:Athe_0636	ko:K00948	rn:R01049	ec:2.7.6.1	rn:R01049
ate:Athe_0561	ko:K00794	rn:R04457	ec:2.5.1.78	rn:R04457
ate:Athe_1374	ko:K02824	-	-	-
ate:Athe_0563	ko:K00793	rn:R00066	ec:2.5.1.9	rn:R00066
ate:Athe_0562	ko:K14652	rn:R00425,rn:R07281	ec:4.1.99.12,ec:3.5.4.25	rn:R07281,rn:R00425
ate:Athe_1931	ko:K03892	-	-	-
ate:Athe_0564	ko:K11752	rn:R03458,rn:R03459	ec:3.5.4.26,ec:1.1.1.193	rn:R03459,rn:R03458
ate:Athe_0567	ko:K00854	rn:R01639	ec:2.7.1.17	rn:R01639
ate:Athe_2166	ko:K02389	-	-	-
ate:Athe_0446	ko:K03789	-	ec:2.3.1.128	rn:R04316
ate:Athe_1449	ko:K01952	rn:R04463	ec:6.3.5.3	rn:R04463
ate:Athe_1469	ko:K03823	rn:R08871,rn:R08938	ec:2.3.1.183	rn:R08871,rn:R08938
ate:Athe_1468	ko:K10773	-	ec:4.2.99.18	-
ate:Athe_0440	ko:K01737	rn:R04286,rn:R09959	ec:4.2.3.12,ec:4.1.2.50	rn:R04286,rn:R09959
ate:Athe_0441	ko:K09007	rn:R00428,rn:R04639,rn:R05046,rn:R05048	ec:3.5.4.16	rn:R00428,rn:R04639,rn:R05046,rn:R05048,rn:R00424
ate:Athe_0990	ko:K06390	-	-	-
ate:Athe_R0005	ko:K14227	-	-	-
ate:Athe_0505	ko:K01649	rn:R01213	ec:2.3.3.13	rn:R01213
ate:Athe_1350	ko:K01735	rn:R03083	ec:4.2.3.4	rn:R03083
ate:Athe_1141	ko:K03547	-	-	-
ate:Athe_0504	ko:K00053	rn:R03051,rn:R04439,rn:R04440,rn:R05068,rn:R05069,rn:R05071	ec:1.1.1.86	rn:R03051,rn:R04440,rn:R05068,rn:R05069,rn:R05071,rn:R04439
ate:Athe_0620	ko:K04477	-	-	-
ate:Athe_1867	ko:K01179	rn:R06200,rn:R11307,rn:R11308	ec:3.2.1.4	rn:R06200,rn:R11307,rn:R11308
ate:Athe_1866	ko:K01179	rn:R06200,rn:R11307,rn:R11308	ec:3.2.1.4	rn:R06200,rn:R11307,rn:R11308
ate:Athe_1865	ko:K01218	rn:R01332	ec:3.2.1.78	rn:R01332,rn:R08612
ate:Athe_0993	ko:K06393	-	-	-
ate:Athe_1908	ko:K08681	rn:R07456	ec:4.3.3.6	rn:R07456,rn:R10089,rn:R00256,rn:R10088
ate:Athe_1909	ko:K06215	rn:R07456	ec:4.3.3.6	rn:R07456,rn:R10089,rn:R00256,rn:R10088
ate:Athe_2704	ko:K07016	-	-	-
ate:Athe_0594	ko:K01179	rn:R06200,rn:R11307,rn:R11308	ec:3.2.1.4	rn:R06200,rn:R11307,rn:R11308
ate:Athe_1905	ko:K17758,ko:K17759	-,-	ec:4.2.1.136,ec:5.1.99.6	rn:R10267,rn:R10268,rn:R10280,rn:R10281
ate:Athe_1906	ko:K00997	rn:R01625	ec:2.7.8.7	rn:R01625
ate:Athe_2331	ko:K17319	-	-	-
ate:Athe_0590	ko:K06199	-	-	-
ate:Athe_2337	ko:K02392	-	-	-
ate:Athe_0592	ko:K01892	rn:R03655	ec:6.1.1.21	rn:R03655
ate:Athe_1903	ko:K01775	rn:R00401	ec:5.1.1.1	rn:R00401
ate:Athe_0843	ko:K00800	rn:R03460	ec:2.5.1.19	rn:R03460
ate:Athe_0185	ko:K01181	-	ec:3.2.1.8	-
ate:Athe_0841	ko:K00848	rn:R01902,rn:R03014	ec:2.7.1.5	rn:R01902,rn:R03014
ate:Athe_0846	ko:K00817	rn:R00694,rn:R00734,rn:R03243	ec:2.6.1.9	rn:R00694,rn:R00734,rn:R03243
ate:Athe_0182	ko:K15921	rn:R01762	ec:3.2.1.55	rn:R01762
ate:Athe_0844	ko:K04517	rn:R01728	ec:1.3.1.12	rn:R01728
ate:Athe_0845	ko:K03856	rn:R01826	ec:2.5.1.54	rn:R01826
ate:Athe_R0060	ko:K14232	-	-	-
ate:Athe_0848	ko:K01599	rn:R03197,rn:R04972	ec:4.1.1.37	rn:R04972,rn:R03197
ate:Athe_0625	ko:K03072	-	-	-
ate:Athe_0023	ko:K03386	-	ec:1.11.1.15	rn:R07180,rn:R08360,rn:R08362
ate:Athe_1515	ko:K01993	-	-	-
ate:Athe_2099	ko:K00052	rn:R00994,rn:R04426,rn:R10052	ec:1.1.1.85	rn:R00994,rn:R10052,rn:R04426,rn:R01652
ate:Athe_1348	ko:K04074	-	-	-
ate:Athe_1889	ko:K00014	rn:R02413	ec:1.1.1.25	rn:R02413
ate:Athe_1128	ko:K00812	rn:R00355,rn:R00694,rn:R00734,rn:R00896,rn:R02433,rn:R02619,rn:R05052	ec:2.6.1.1	rn:R00694,rn:R00734,rn:R00895,rn:R00896,rn:R02433,rn:R02619,rn:R05052,rn:R00355
ate:Athe_0369	ko:K03149	rn:R10247	ec:2.8.1.10	rn:R10247
ate:Athe_1763	ko:K07444	-	-	-
ate:Athe_2093	ko:K17319	-	-	-
ate:Athe_2092	ko:K17320	-	-	-
ate:Athe_2091	ko:K17318	-	-	-
ate:Athe_1129	ko:K01756	rn:R01083,rn:R04559	ec:4.3.2.2	rn:R01083,rn:R04559
ate:Athe_0363	ko:K03703	-	-	-
ate:Athe_2096	ko:K03111	-	-	-
ate:Athe_0361	ko:K18672	-	ec:2.7.7.85	rn:R10342
ate:Athe_0360	ko:K04069	rn:R04710	ec:1.97.1.4	rn:R04710
ate:Athe_0204	ko:K06934	-	-	-
ate:Athe_R0045	ko:K14219	-	-	-
ate:Athe_0207	ko:K00790	rn:R00660	ec:2.5.1.7	rn:R00660
ate:Athe_0169	ko:K03150	rn:R10246	ec:4.1.99.19	rn:R10246
ate:Athe_0202	ko:K06147	-	-	-
ate:Athe_1048	ko:K09748	-	-	-
ate:Athe_0165	ko:K01182	rn:R00801,rn:R01718,rn:R01791,rn:R06199	ec:3.2.1.10	rn:R00801,rn:R01718,rn:R01791,rn:R06080,rn:R06199
ate:Athe_0164	ko:K09825	-	-	-
ate:Athe_0208	ko:K09706	-	-	-
ate:Athe_0209	ko:K03524	rn:R01074,rn:R05145	ec:6.3.4.15	rn:R01074,rn:R05145,rn:R04562
ate:Athe_1514	ko:K01990	-	-	-
ate:Athe_2149	ko:K03407	-	ec:2.7.13.3	-
ate:Athe_1409	ko:K01006	rn:R00206	ec:2.7.9.1	rn:R00206
ate:Athe_2364	ko:K07301	-	-	-
ate:Athe_2143	ko:K09749	-	-	-
ate:Athe_0061	ko:K07011	-	-	-
ate:Athe_2144	ko:K02405	-	-	-
ate:Athe_2147	ko:K03410	-	-	-
ate:Athe_2146	ko:K03411	-	ec:3.5.1.44	rn:R06134,rn:R02622
ate:Athe_R0053	ko:K01985	-	-	-
ate:Athe_R0050	ko:K14233	-	-	-
ate:Athe_1349	ko:K01870	rn:R03656	ec:6.1.1.5	rn:R03656
ate:Athe_R0056	ko:K14219	-	-	-
ate:Athe_R0057	ko:K14229	-	-	-
ate:Athe_R0054	ko:K01980	-	-	-
ate:Athe_R0055	ko:K01977	-	-	-
ate:Athe_1342	ko:K01515	rn:R01054	ec:3.6.1.13	rn:R01054
ate:Athe_2386	ko:K01625	rn:R00470,rn:R05605	ec:4.1.2.14,ec:4.1.3.42	rn:R05605,rn:R00470,rn:R10283
ate:Athe_2385	ko:K00874	rn:R01541	ec:2.7.1.45	rn:R01541
ate:Athe_2384	ko:K01815	rn:R04383	ec:5.3.1.17	rn:R04383
ate:Athe_2383	ko:K00065	rn:R01542	ec:1.1.1.125	rn:R01542,rn:R04049
ate:Athe_2658	ko:K09951	-	-	-
ate:Athe_2381	ko:K15532	-	ec:3.2.1.172	-
ate:Athe_1345	ko:K09772	-	-	-
ate:Athe_2446	ko:K07038	-	-	-
ate:Athe_2725	ko:K03523	-	-	-
ate:Athe_2363	ko:K01537	-	ec:3.6.3.8	rn:R00086
ate:Athe_0109	ko:K02004	-	-	-
ate:Athe_1082	ko:K14086	-	-	-
ate:Athe_1811	ko:K00981	rn:R01799	ec:2.7.7.41	rn:R01799
ate:Athe_1089	ko:K04652	-	-	-
ate:Athe_1088	ko:K04651	-	-	-
ate:Athe_1162	ko:K02037	-	-	-
ate:Athe_1163	ko:K02038	-	-	-
ate:Athe_1249	ko:K01940	rn:R01954	ec:6.3.4.5	rn:R01954
ate:Athe_1248	ko:K01755	rn:R01086	ec:4.3.2.1	rn:R01086
ate:Athe_1194	ko:K00956	rn:R00529,rn:R04929	ec:2.7.7.4	rn:R04929,rn:R00529
ate:Athe_R0020	ko:K14234	-	-	-
ate:Athe_0203	ko:K06147	-	-	-
ate:Athe_1547	ko:K04487	rn:R07460,rn:R11528,rn:R11529	ec:2.8.1.7	rn:R11528,rn:R07460,rn:R11529
ate:Athe_1512	ko:K01992	-	-	-
ate:Athe_1247	ko:K02897	-	-	-
ate:Athe_1245	ko:K07736	-	-	-
ate:Athe_2359	ko:K00196	rn:R07157,rn:R08034	-	-
ate:Athe_1402	ko:K01812	rn:R01482,rn:R01983	ec:5.3.1.12	rn:R01983,rn:R01482
ate:Athe_2051	ko:K07507	-	-	-
ate:Athe_0838	ko:K02428	rn:R00426,rn:R00720,rn:R01855,rn:R02100,rn:R02720,rn:R03531	ec:3.6.1.66	rn:R02720,rn:R03531
ate:Athe_0810	ko:K02358	-	-	-
ate:Athe_2242	ko:K09955	-	-	-
ate:Athe_2244	ko:K00001	rn:R00623,rn:R00754,rn:R02124,rn:R04805,rn:R04880,rn:R05233,rn:R05234,rn:R06917,rn:R06927,rn:R07105,rn:R08281,rn:R08306,rn:R08310	ec:1.1.1.1	rn:R07105,rn:R00623,rn:R00754,rn:R02124,rn:R02878,rn:R04805,rn:R04880,rn:R05233,rn:R05234,rn:R06917,rn:R06927,rn:R08281,rn:R08306,rn:R08557,rn:R08558,rn:R10783,rn:R00624,rn:R08310
ate:Athe_2355	ko:K03303	-	-	-
ate:Athe_1647	ko:K01975	-	-	-
ate:Athe_1645	ko:K00931	rn:R00239	ec:2.7.2.11	rn:R00239
ate:Athe_1644	ko:K00147	rn:R03313	ec:1.2.1.41	rn:R03313
ate:Athe_1642	ko:K07456	-	-	-
ate:Athe_1641	ko:K03100	-	ec:3.4.21.89	-
ate:Athe_0666	ko:K01652	rn:R00006,rn:R00014,rn:R00226,rn:R03050,rn:R04672,rn:R04673,rn:R08648	ec:2.2.1.6	rn:R00014,rn:R03050,rn:R04672,rn:R04673,rn:R08648,rn:R00006,rn:R00226
ate:Athe_0664	ko:K00826	rn:R01090,rn:R01214,rn:R02199,rn:R10991	ec:2.6.1.42	rn:R01214,rn:R02199,rn:R10991,rn:R01090
ate:Athe_0665	ko:K01687	rn:R01209,rn:R04441,rn:R05070	ec:4.2.1.9	rn:R05070,rn:R01209,rn:R04441
ate:Athe_R0036	ko:K14227	-	-	-
ate:Athe_0736	ko:K03091	-	-	-
ate:Athe_R0049	ko:K14226	-	-	-
ate:Athe_1740	ko:K02890	-	-	-
ate:Athe_1768	ko:K03406	-	-	-
ate:Athe_0401	ko:K02026	-	-	-
ate:Athe_2519	ko:K03205	-	-	-
ate:Athe_2437	ko:K06223	-	ec:2.1.1.72	rn:R02961
ate:Athe_0173	ko:K06284	-	-	-
ate:Athe_0935	ko:K03978	-	-	-
ate:Athe_1010	ko:K01912	rn:R02539	ec:6.2.1.30	rn:R02539
ate:Athe_1895	ko:K02015	-	-	-
ate:Athe_0824	ko:K05772	-	-	-
ate:Athe_R0037	ko:K14218	-	-	-
ate:Athe_1538	ko:K00919	rn:R05634	ec:2.7.1.148	rn:R05634
ate:Athe_2583	ko:K06374	-	-	-
ate:Athe_0708	ko:K03545	-	-	-
ate:Athe_1432	ko:K01951	rn:R01230,rn:R01231,rn:R08244	ec:6.3.5.2	rn:R08244,rn:R01231,rn:R00256,rn:R01230
ate:Athe_1140	ko:K06915	-	-	-
ate:Athe_0941	ko:K01885	rn:R05578	ec:6.1.1.17	rn:R05578
ate:Athe_0940	ko:K01784	rn:R00291,rn:R02984	ec:5.1.3.2	rn:R00418,rn:R02984,rn:R00291
ate:Athe_1637	ko:K06864	-	-	-
ate:Athe_2376	ko:K10192	-	-	-
ate:Athe_0105	ko:K10543	-	-	-
ate:Athe_1923	ko:K07137	-	-	-
ate:Athe_0402	ko:K02529	-	-	-
ate:Athe_0403	ko:K05342	rn:R02727	ec:2.4.1.64	rn:R06053,rn:R02727
ate:Athe_0400	ko:K02025	-	-	-
ate:Athe_1143	ko:K09747	-	-	-
ate:Athe_2684	ko:K06921	-	-	-
ate:Athe_1123	ko:K07574	-	-	-
ate:Athe_1144	ko:K06187	-	-	-
ate:Athe_1437	ko:K03701	-	-	-
ate:Athe_1996	ko:K03299	-	-	-
ate:Athe_0792	ko:K01867	rn:R03664	ec:6.1.1.2	rn:R03664
ate:Athe_2746	ko:K01677	rn:R01082	ec:4.2.1.2	rn:R01082
ate:Athe_0790	ko:K01586	rn:R00451	ec:4.1.1.20	rn:R00451
ate:Athe_1873	ko:K02664	-	-	-
ate:Athe_0794	ko:K06024	-	-	-
ate:Athe_1530	ko:K02863	-	-	-
ate:Athe_2664	ko:K19114	-	-	-
ate:Athe_0627	ko:K12574	-	-	-
ate:Athe_2660	ko:K07464	-	ec:3.1.12.1	-
ate:Athe_2104	ko:K03070	-	-	-
ate:Athe_2749	ko:K07315	-	ec:3.1.3.3	rn:R00582,rn:R02853
ate:Athe_2395	ko:K11991	rn:R10223	ec:3.5.4.33	rn:R10223
ate:Athe_0886	ko:K01866	rn:R02918	ec:6.1.1.1	rn:R02918
ate:Athe_1941	ko:K02029	-	-	-
ate:Athe_0884	ko:K12960	rn:R09660	ec:3.5.4.31,ec:3.5.4.28	rn:R09660,rn:R00193
ate:Athe_0885	ko:K03980	-	-	-
ate:Athe_0882	ko:K02314	-	ec:3.6.4.12	rn:R00086
ate:Athe_0883	ko:K01251	rn:R00192,rn:R04936	ec:3.3.1.1	rn:R04936,rn:R00192
ate:Athe_1946	ko:K01791	rn:R00420	ec:5.1.3.14	rn:R00414,rn:R02707,rn:R00420
ate:Athe_1947	ko:K04070	-	ec:1.97.1.4	rn:R04710
ate:Athe_0433	ko:K03088	-	-	-
ate:Athe_2700	ko:K19140	-	-	-
ate:Athe_1534	ko:K02913	-	-	-
ate:Athe_0709	ko:K01358	-	ec:3.4.21.92	-
ate:Athe_1878	ko:K02241	-	-	-
ate:Athe_1305	ko:K03610	-	-	-
ate:Athe_1879	ko:K02654	-	ec:3.4.23.43	-
ate:Athe_0701	ko:K03644	rn:R07767,rn:R07768	ec:2.8.1.8	rn:R07768,rn:R07767
ate:Athe_0700	ko:K03801	rn:R07766,rn:R07769	ec:2.3.1.181	rn:R07769,rn:R07766
ate:Athe_0703	ko:K00382	rn:R01221,rn:R01698,rn:R03815,rn:R07618,rn:R08549	ec:1.8.1.4	rn:R00209,rn:R01221,rn:R01698,rn:R01933,rn:R08549,rn:R03815,rn:R07618,rn:R08550
ate:Athe_0702	ko:K00627	rn:R02569	ec:2.3.1.12	rn:R00209,rn:R02569
ate:Athe_0704	ko:K11381	rn:R07599,rn:R07600,rn:R07601,rn:R07602,rn:R07603,rn:R07604,rn:R10996,rn:R10997	ec:1.2.4.4	rn:R01702,rn:R04225,rn:R07599,rn:R07600,rn:R07601,rn:R07602,rn:R07603,rn:R07604,rn:R10996,rn:R10997,rn:R01701
ate:Athe_0706	ko:K01813	rn:R02437	ec:5.3.1.14	rn:R02437
ate:Athe_1333	ko:K00858	rn:R00104	ec:2.7.1.23	rn:R00104
ate:Athe_1193	ko:K00957	rn:R00529,rn:R04929	ec:2.7.7.4	rn:R04929,rn:R00529
ate:Athe_1331	ko:K01872	rn:R03038	ec:6.1.1.7	rn:R03038
ate:Athe_1337	ko:K07699	-	-	-
ate:Athe_1336	ko:K06399	-	ec:3.4.21.116	-
ate:Athe_1335	ko:K03631	-	-	-
ate:Athe_1334	ko:K03402	-	-	-
ate:Athe_0536	ko:K20885	rn:R11397,rn:R11398	ec:2.4.1.339,ec:2.4.1.340	rn:R11398,rn:R11397
ate:Athe_1339	ko:K00286	rn:R01248,rn:R01251,rn:R03291,rn:R03293	ec:1.5.1.2	rn:R03291,rn:R03293,rn:R01248,rn:R01251
ate:Athe_1338	ko:K06409	-	-	-
ate:Athe_0244	ko:K06381	-	-	-
ate:Athe_0245	ko:K07568	-	ec:2.4.99.17	-
ate:Athe_1881	ko:K02650	-	-	-
ate:Athe_0531	ko:K00876	rn:R00513,rn:R00516,rn:R00517,rn:R00962,rn:R00964,rn:R00967,rn:R00968,rn:R00970,rn:R01548,rn:R01549,rn:R01880,rn:R02091,rn:R02096,rn:R02097,rn:R02327,rn:R02332,rn:R02371,rn:R02372,rn:R08232	ec:2.7.1.48	rn:R00513,rn:R00516,rn:R00517,rn:R00962,rn:R00967,rn:R00968,rn:R00970,rn:R01548,rn:R01549,rn:R01880,rn:R02091,rn:R02096,rn:R02097,rn:R02327,rn:R02332,rn:R02371,rn:R02372,rn:R08232,rn:R00964
ate:Athe_0121	ko:K19091	-	-	-
ate:Athe_0123	ko:K19075	-	-	-
ate:Athe_0122	ko:K19088	-	-	-
ate:Athe_0125	ko:K07012	-	-	-
ate:Athe_0124	ko:K19090	-	-	-
ate:Athe_2030	ko:K17320	-	-	-
ate:Athe_0126	ko:K07464	-	ec:3.1.12.1	-
ate:Athe_0086	ko:K17320	-	-	-
ate:Athe_0087	ko:K17318	-	-	-
ate:Athe_0870	ko:K07043	-	-	-
ate:Athe_1384	ko:K01996	-	-	-
ate:Athe_0080	ko:K07668	-	-	-
ate:Athe_0081	ko:K07652	-	ec:2.7.13.3	-
ate:Athe_2068	ko:K03320	-	-	-
ate:Athe_2069	ko:K02996	-	-	-
ate:Athe_1838	ko:K02334	-	ec:2.7.7.7	rn:R11029,rn:R00375,rn:R00376,rn:R00377,rn:R00378,rn:R00379
ate:Athe_1748	ko:K03594	rn:R00078	ec:1.16.3.1	rn:R00078
ate:Athe_0191	ko:K06920	rn:R09978	ec:6.3.4.20	rn:R09978
ate:Athe_1834	ko:K06153	rn:R05627	ec:3.6.1.27	rn:R05627
ate:Athe_2060	ko:K00615	rn:R01067,rn:R01641,rn:R01830,rn:R06590	ec:2.2.1.1	rn:R01067,rn:R01830,rn:R06590,rn:R06861,rn:R06863,rn:R01641
ate:Athe_1837	ko:K00821	rn:R02283,rn:R04475	ec:2.6.1.11,ec:2.6.1.17	rn:R02283,rn:R04475
ate:Athe_2067	ko:K04751	-	-	-
ate:Athe_1833	ko:K01409	rn:R10648	ec:2.3.1.234	rn:R10648
ate:Athe_1427	ko:K02113	-	-	-
ate:Athe_1426	ko:K02111	-	ec:3.6.3.14	rn:R00086
ate:Athe_1425	ko:K02115	-	-	-
ate:Athe_2340	ko:K03797	-	ec:3.4.21.102	-
ate:Athe_1548	ko:K09761	-	ec:2.1.1.193	-
ate:Athe_2694	ko:K04068	rn:R04710	ec:1.97.1.4	rn:R04710
ate:Athe_1933	ko:K03325	-	-	-
ate:Athe_0833	ko:K00575	-	ec:2.1.1.80	rn:R02623
ate:Athe_1545	ko:K06178	-	ec:5.4.99.22	-
ate:Athe_1546	ko:K03151	rn:R07461	-	-
ate:Athe_0830	ko:K03637	rn:R11372	ec:4.6.1.17	rn:R11372
ate:Athe_0837	ko:K00989	-	ec:2.7.7.56	rn:R07285
ate:Athe_1212	ko:K03517	rn:R04292	ec:2.5.1.72	rn:R04292
ate:Athe_1542	ko:K00611	rn:R01398	ec:2.1.3.3	rn:R01398
ate:Athe_1428	ko:K02109	-	-	-
ate:Athe_1940	ko:K02028	-	ec:3.6.3.21	rn:R00086
ate:Athe_1198	ko:K01749	rn:R00084	ec:2.5.1.61	rn:R00084
ate:Athe_1610	ko:K07066	-	-	-
ate:Athe_0196	ko:K10026	rn:R10002	ec:4.3.99.3	rn:R10002
ate:Athe_1207	ko:K03437	-	-	-
ate:Athe_1206	ko:K02887	-	-	-
ate:Athe_1883	ko:K02669	-	-	-
ate:Athe_1204	ko:K02520	-	-	-
ate:Athe_1618	ko:K01972	rn:R00382	ec:6.5.1.2	rn:R00382
ate:Athe_1942	ko:K02030	-	-	-
ate:Athe_1201	ko:K01845	rn:R02272	ec:5.4.3.8	rn:R02272
ate:Athe_1200	ko:K01698	rn:R00036	ec:4.2.1.24	rn:R00036
ate:Athe_1184	ko:K02050	-	-	-
ate:Athe_1429	ko:K02110	-	-	-
ate:Athe_1574	ko:K02003	-	-	-
ate:Athe_0331	ko:K07052	-	-	-
ate:Athe_1185	ko:K03154	-	-	-
ate:Athe_0234	ko:K01179	rn:R06200,rn:R11307,rn:R11308	ec:3.2.1.4	rn:R06200,rn:R11307,rn:R11308
ate:Athe_0847	ko:K17318	-	-	-
ate:Athe_0233	ko:K16881	rn:R00885,rn:R01818	ec:2.7.7.13,ec:5.4.2.8	rn:R00885,rn:R01818
ate:Athe_1187	ko:K21140	rn:R11524	-	-
ate:Athe_2280	ko:K17686	rn:R00086	ec:3.6.3.54	rn:R00086
ate:Athe_1882	ko:K02653	-	-	-
ate:Athe_0881	ko:K02939	-	-	-
ate:Athe_2523	ko:K18640	-	-	-
ate:Athe_2288	ko:K07442	-	ec:2.1.1.219,ec:2.1.1.220	-,-
ate:Athe_2116	ko:K09157	-	-	-
ate:Athe_2445	ko:K01160	-	ec:3.1.22.4	-
ate:Athe_1681	ko:K06379	-	ec:2.7.11.1	rn:R03632,rn:R00162
ate:Athe_2115	ko:K01778	rn:R02735	ec:5.1.1.7	rn:R02735
ate:Athe_R0009	ko:K15035	-	-	-
ate:Athe_1686	ko:K16785	-	-	-
ate:Athe_1685	ko:K06173	-	ec:5.4.99.12	rn:R03020
ate:Athe_2031	ko:K17319	-	-	-
ate:Athe_1720	ko:K02952	-	-	-
ate:Athe_1721	ko:K02919	-	-	-
ate:Athe_R0007	ko:K01985	-	-	-
ate:Athe_R0006	ko:K01980	-	-	-
ate:Athe_1724	ko:K01265	-	ec:3.4.11.18	-
ate:Athe_1725	ko:K00939	rn:R00127,rn:R01547,rn:R11319	ec:2.7.4.3	rn:R01547,rn:R11319,rn:R00127
ate:Athe_2118	ko:K00847	rn:R00760,rn:R00867,rn:R03920	ec:2.7.1.4	rn:R00760,rn:R00867,rn:R03920
ate:Athe_R0002	ko:K14224	-	-	-
ate:Athe_1711	ko:K04486	rn:R03013	ec:3.1.3.15	rn:R03013
ate:Athe_1277	ko:K07576	-	-	-
ate:Athe_1713	ko:K04488	-	-	-
ate:Athe_2081	ko:K02027	-	-	-
ate:Athe_1052	ko:K02834	-	-	-
ate:Athe_1053	ko:K06881	rn:R00188,rn:R00508	ec:3.1.3.7,ec:3.1.13.3	rn:R00508,rn:R00188,-
ate:Athe_1119	ko:K07584	-	-	-
ate:Athe_1118	ko:K02888	-	-	-
ate:Athe_1056	ko:K02956	-	-	-
ate:Athe_1057	ko:K00962	rn:R00437,rn:R00438,rn:R00439,rn:R00440	ec:2.7.7.8	rn:R00437,rn:R00438,rn:R00439,rn:R00440,rn:R07282
ate:Athe_1054	ko:K03177	-	ec:5.4.99.25	-
ate:Athe_1055	ko:K11753	rn:R00161,rn:R00549	ec:2.7.1.26,ec:2.7.7.2	rn:R00549,rn:R00161
ate:Athe_0399	ko:K02027	-	-	-
ate:Athe_1111	ko:K01992	-	-	-
ate:Athe_1117	ko:K09765	-	ec:1.17.99.6	-
ate:Athe_1116	ko:K03551	-	ec:3.6.4.12	rn:R00086
ate:Athe_1115	ko:K03550	-	ec:3.6.4.12	rn:R00086
ate:Athe_1114	ko:K01159	-	ec:3.1.22.4	-
ate:Athe_0060	ko:K00067	rn:R02777	ec:1.1.1.133	rn:R02777
ate:Athe_0900	ko:K01990	-	-	-
ate:Athe_1061	ko:K07478	-	-	-
ate:Athe_1899	ko:K06196	-	-	-
ate:Athe_0499	ko:K07045	-	-	-
ate:Athe_2609	ko:K07033	-	-	-
ate:Athe_0809	ko:K02355	-	-	-
ate:Athe_1719	ko:K02948	-	-	-
ate:Athe_1718	ko:K02986	-	-	-
ate:Athe_2233	ko:K03409	-	-	-
ate:Athe_1802	ko:K02647	-	-	-
ate:Athe_0364	ko:K06023	-	-	-
ate:Athe_2237	ko:K03406	-	-	-
ate:Athe_0372	ko:K00788	rn:R03223,rn:R10712	ec:2.5.1.3	rn:R11312,rn:R10712,rn:R03223
ate:Athe_2235	ko:K03412	-	ec:3.1.1.61	rn:R02624
ate:Athe_0756	ko:K15987	-	ec:3.6.1.1	rn:R00004
ate:Athe_2374	ko:K10194	-	-	-
ate:Athe_0755	ko:K04083	-	-	-
ate:Athe_0752	ko:K08591	rn:R00851,rn:R09380	ec:2.3.1.15	rn:R09380,rn:R00851,rn:R02617
ate:Athe_1687	ko:K16787	-	-	-
ate:Athe_2103	ko:K02836	-	-	-
ate:Athe_0698	ko:K00068	rn:R05607	ec:1.1.1.140	rn:R05607,rn:R07133
ate:Athe_0162	ko:K08982	-	-	-
ate:Athe_0695	ko:K01628	rn:R02262	ec:4.1.2.17	rn:R02262
ate:Athe_0693	ko:K09118	-	-	-
ate:Athe_2759	ko:K06346	-	-	-
ate:Athe_0758	ko:K01990	-	-	-
ate:Athe_1801	ko:K09812	-	-	-
ate:Athe_2623	ko:K01990	-	-	-
ate:Athe_2624	ko:K01992	-	-	-
ate:Athe_2625	ko:K01992	-	-	-
ate:Athe_1626	ko:K09807	-	-	-
ate:Athe_R0031	ko:K14232	-	-	-
ate:Athe_2054	ko:K17319	-	-	-
ate:Athe_R0008	ko:K14228	-	-	-
ate:Athe_1412	ko:K03595	-	-	-
ate:Athe_1800	ko:K09811	-	-	-
ate:Athe_1695	ko:K01658	rn:R00985,rn:R00986	ec:4.1.3.27	rn:R00985,rn:R00986
ate:Athe_1734	ko:K02895	-	-	-
ate:Athe_0991	ko:K06391	-	-	-
ate:Athe_0992	ko:K06392	-	-	-
ate:Athe_0621	ko:K01624	rn:R01068,rn:R01070,rn:R01829,rn:R02568	ec:4.1.2.13	rn:R01829,rn:R02568,rn:R01068,rn:R01070
ate:Athe_0994	ko:K06394	-	-	-
ate:Athe_0995	ko:K06395	-	-	-
ate:Athe_0996	ko:K06396	-	-	-
ate:Athe_0997	ko:K06397	-	-	-
ate:Athe_0572	ko:K01881	rn:R03661	ec:6.1.1.15	rn:R03661
ate:Athe_0573	ko:K07130	rn:R00988,rn:R01959,rn:R04911	ec:3.5.1.9	rn:R00988,rn:R04911,rn:R01959
ate:Athe_0570	ko:K07010	-	-	-
ate:Athe_0571	ko:K03442	-	-	-
ate:Athe_0576	ko:K03412	-	ec:3.1.1.61	rn:R02624
ate:Athe_1487	ko:K07658	-	-	-
ate:Athe_0574	ko:K03406	-	-	-
ate:Athe_1332	ko:K02503	-	-	-
ate:Athe_0472	ko:K09797	-	-	-
ate:Athe_1980	ko:K01918	rn:R02473	ec:6.3.2.1	rn:R02473
ate:Athe_0579	ko:K00575	-	ec:2.1.1.80	rn:R02623
ate:Athe_1579	ko:K07052	-	-	-
ate:Athe_1803	ko:K10112	-	-	-
ate:Athe_0474	ko:K01744	rn:R00490	ec:4.3.1.1	rn:R00490
ate:Athe_1917	ko:K15581	-	-	-
ate:Athe_2714	ko:K19143	-	-	-
ate:Athe_1979	ko:K01579	rn:R00489	ec:4.1.1.11	rn:R00489
ate:Athe_2304	ko:K03406	-	-	-
ate:Athe_1874	ko:K02663	-	-	-
ate:Athe_1875	ko:K02662	-	-	-
ate:Athe_0878	ko:K04518	rn:R00691,rn:R01373	ec:4.2.1.51	rn:R00691,rn:R01373
ate:Athe_0877	ko:K00170	rn:R01196,rn:R01199,rn:R08034	ec:1.2.7.1	rn:R01199,rn:R08034,rn:R01196
ate:Athe_0876	ko:K00169	rn:R01196,rn:R01199,rn:R08034	ec:1.2.7.1	rn:R01199,rn:R08034,rn:R01196
ate:Athe_0875	ko:K00171	rn:R01196,rn:R01199,rn:R08034	ec:1.2.7.1	rn:R01199,rn:R08034,rn:R01196
ate:Athe_0874	ko:K00172	rn:R01196,rn:R01199,rn:R08034	ec:1.2.7.1	rn:R01199,rn:R08034,rn:R01196
ate:Athe_2659	ko:K15342	-	-	-
ate:Athe_0872	ko:K01875	rn:R03662,rn:R08218	ec:6.1.1.11	rn:R08218,rn:R03662
ate:Athe_2517	ko:K02945	-	-	-
ate:Athe_1682	ko:K06378	-	-	-
ate:Athe_1500	ko:K03555	-	-	-
ate:Athe_1501	ko:K06168	rn:R10645,rn:R10646,rn:R10647	ec:2.8.4.3	rn:R10645,rn:R10646,rn:R10647
ate:Athe_0192	ko:K09022	rn:R11098,rn:R11099	ec:3.5.99.10	rn:R11098,rn:R11099
ate:Athe_1284	ko:K01890	rn:R03660	ec:6.1.1.20	rn:R03660
ate:Athe_1504	ko:K01912	rn:R02539	ec:6.2.1.30	rn:R02539
ate:Athe_1505	ko:K00180	-	ec:1.2.7.8	rn:R07161
ate:Athe_1506	ko:K00179	-	ec:1.2.7.8	rn:R07161
ate:Athe_1507	ko:K01912	rn:R02539	ec:6.2.1.30	rn:R02539
ate:Athe_1508	ko:K03695	-	-	-
ate:Athe_1509	ko:K13993	-	-	-
ate:Athe_0053	ko:K01990	-	-	-
ate:Athe_0052	ko:K01992	-	-	-
ate:Athe_0055	ko:K01790	rn:R06514	ec:5.1.3.13	rn:R06514
ate:Athe_0054	ko:K00973	rn:R02328	ec:2.7.7.24	rn:R02328
ate:Athe_0056	ko:K01710	rn:R06513	ec:4.2.1.46	rn:R06513
ate:Athe_2084	ko:K00239	rn:R02164	ec:1.3.5.1,ec:1.3.5.4	rn:R02164,rn:R02164
ate:Athe_1710	ko:K00974	rn:R09382,rn:R09383,rn:R09384,rn:R09386	ec:2.7.7.72	rn:R09382,rn:R09383,rn:R09384,rn:R09386
ate:Athe_2086	ko:K01195	rn:R01478,rn:R04979,rn:R07818,rn:R08127,rn:R08260,rn:R10830	ec:3.2.1.31	rn:R04979,rn:R08127,rn:R01478,rn:R07818,rn:R08260,rn:R10830
ate:Athe_1712	ko:K00566	rn:R08700	ec:2.8.1.13	rn:R08700
ate:Athe_2080	ko:K02025	-	-	-
ate:Athe_1714	ko:K04487	rn:R07460,rn:R11528,rn:R11529	ec:2.8.1.7	rn:R11528,rn:R07460,rn:R11529
ate:Athe_1717	ko:K03040	rn:R00435,rn:R00441,rn:R00442,rn:R00443	ec:2.7.7.6	rn:R10813,rn:R00435,rn:R00441,rn:R00442,rn:R00443,rn:R00444
ate:Athe_1716	ko:K02879	-	-	-
ate:Athe_0370	ko:K03150	rn:R10246	ec:4.1.99.19	rn:R10246
ate:Athe_0371	ko:K03148	rn:R07459	ec:2.7.7.73	rn:R07459
ate:Athe_1894	ko:K02013	-	ec:3.6.3.34	rn:R00086
ate:Athe_0373	ko:K03147	rn:R03472	ec:4.1.99.17	rn:R03472
ate:Athe_1890	ko:K07015	-	-	-
ate:Athe_0444	ko:K06925	-	-	-
ate:Athe_R0030	ko:K14233	-	-	-
ate:Athe_1483	ko:K02036	-	ec:3.6.3.27	rn:R00086
ate:Athe_1482	ko:K02039	-	-	-
ate:Athe_0275	ko:K02013	-	ec:3.6.3.34	rn:R00086
ate:Athe_0274	ko:K02015	-	-	-
ate:Athe_0277	ko:K11261	rn:R03015,rn:R08060	ec:1.2.99.5	rn:R08060,rn:R03015
ate:Athe_1486	ko:K07636	-	ec:2.7.13.3	-
ate:Athe_1489	ko:K00616	rn:R01827	ec:2.2.1.2	rn:R01827,rn:R08575
ate:Athe_1488	ko:K05810	-	-	-
ate:Athe_0175	ko:K02025	-	-	-
ate:Athe_0172	ko:K07056	-	ec:2.1.1.198	-
ate:Athe_0985	ko:K03742	rn:R02322	ec:3.5.1.42	rn:R06134,rn:R02322
ate:Athe_R0004	ko:K14218	-	-	-
ate:Athe_1388	ko:K01999	-	-	-
ate:Athe_2378	ko:K17318	-	-	-
ate:Athe_2158	ko:K02418	-	-	-
ate:Athe_0984	ko:K00995	rn:R01801	ec:2.7.8.5	rn:R01801
ate:Athe_2661	ko:K07012	-	-	-
ate:Athe_0240	ko:K03498	-	-	-
ate:Athe_2400	ko:K09685	-	-	-
ate:Athe_0635	ko:K04042	rn:R00416,rn:R05332	ec:2.7.7.23,ec:2.3.1.157	rn:R00416,rn:R05332
ate:Athe_1680	ko:K03091	-	-	-
ate:Athe_2156	ko:K02420	-	-	-
ate:Athe_R0032	ko:K14225	-	-	-
ate:Athe_2154	ko:K02401	-	-	-
ate:Athe_0982	ko:K01491	rn:R01220,rn:R01655	ec:1.5.1.5,ec:3.5.4.9	rn:R01220,rn:R01655
ate:Athe_1377	ko:K01591	rn:R00965	ec:4.1.1.23	rn:R00965
ate:Athe_1376	ko:K01465	rn:R01993	ec:3.5.2.3	rn:R01993
ate:Athe_1375	ko:K00609	rn:R01397	ec:2.1.3.2	rn:R01397
ate:Athe_1806	ko:K03763	rn:R00375,rn:R00376,rn:R00377,rn:R00378	ec:2.7.7.7	rn:R11029,rn:R00375,rn:R00376,rn:R00377,rn:R00378,rn:R00379
ate:Athe_2017	ko:K06223	-	ec:2.1.1.72	rn:R02961
ate:Athe_1479	ko:K00765	rn:R01071	ec:2.4.2.17	rn:R01071
ate:Athe_1371	ko:K03101	-	ec:3.4.23.36	-
ate:Athe_2401	ko:K01924	rn:R03193	ec:6.3.2.8	rn:R03193
ate:Athe_1474	ko:K01814	rn:R04640	ec:5.3.1.16	rn:R04640
ate:Athe_1475	ko:K02501	rn:R04558	-	-
ate:Athe_1476	ko:K01693	rn:R03457	ec:4.2.1.19	rn:R03457
ate:Athe_1477	ko:K00817	rn:R00694,rn:R00734,rn:R03243	ec:2.6.1.9	rn:R00694,rn:R00734,rn:R03243
ate:Athe_2394	ko:K04757	-	ec:2.7.11.1	rn:R03632,rn:R00162
ate:Athe_1471	ko:K00971	rn:R00885	ec:2.7.7.13	rn:R00885
ate:Athe_1472	ko:K11755	rn:R04035,rn:R04037	ec:3.6.1.31,ec:3.5.4.19	rn:R04035,rn:R04037
ate:Athe_1378	ko:K01955	rn:R00256,rn:R00575,rn:R01395,rn:R10948,rn:R10949	ec:6.3.5.5	rn:R07641,rn:R00575,rn:R00256,rn:R10948,rn:R10949,rn:R01395
ate:Athe_1096	ko:K00174	rn:R01196,rn:R01197	ec:1.2.7.3,ec:1.2.7.11	rn:R01197,rn:R01196,rn:R01197,rn:R10516
ate:Athe_1588	ko:K06223	-	ec:2.1.1.72	rn:R02961
ate:Athe_R0017	ko:K14222	-	-	-
ate:Athe_1095	ko:K00176	rn:R01197	ec:1.2.7.3	rn:R01197
ate:Athe_1092	ko:K04654	-	-	-
ate:Athe_0127	ko:K15342	-	-	-
ate:Athe_1159	ko:K03685	-	ec:3.1.26.3	-
ate:Athe_1158	ko:K09458	rn:R04355,rn:R04726,rn:R04952,rn:R04957,rn:R04960,rn:R04963,rn:R04968,rn:R07762,rn:R10115,rn:R10119	ec:2.3.1.179	rn:R04355,rn:R04726,rn:R04952,rn:R04957,rn:R04960,rn:R04963,rn:R04968,rn:R07762,rn:R10115,rn:R10119
ate:Athe_1625	ko:K03671	-	-	-
ate:Athe_1156	ko:K00059	rn:R04533,rn:R04534,rn:R04536,rn:R04543,rn:R04566,rn:R04953,rn:R04964,rn:R07759,rn:R07763,rn:R10116,rn:R10120,rn:R11671	ec:1.1.1.100	rn:R10116,rn:R10120,rn:R02767,rn:R04533,rn:R04534,rn:R04536,rn:R04543,rn:R04566,rn:R04953,rn:R04964,rn:R07763
ate:Athe_1155	ko:K00645	rn:R01626,rn:R11671	ec:2.3.1.39	rn:R01626
ate:Athe_0089	ko:K01181	-	ec:3.2.1.8	-
ate:Athe_1153	ko:K03621	rn:R00851,rn:R09380	ec:2.3.1.15	rn:R09380,rn:R00851,rn:R02617
ate:Athe_1620	ko:K06967	-	ec:2.1.1.217	-
ate:Athe_1098	ko:K00177	rn:R01197	ec:1.2.7.3	rn:R01197
ate:Athe_2157	ko:K02419	-	-	-
ate:Athe_1254	ko:K01869	rn:R03657	ec:6.1.1.4	rn:R03657
ate:Athe_1255	ko:K07258	-	ec:3.4.16.4	-
ate:Athe_1257	ko:K02237	-	-	-
ate:Athe_1250	ko:K00969	rn:R00137,rn:R03005	ec:2.7.7.18	rn:R00137,rn:R03005
ate:Athe_0308	ko:K03424	-	-	-
ate:Athe_1038	ko:K04066	-	-	-
ate:Athe_1253	ko:K09710	-	-	-
ate:Athe_0305	ko:K05979	rn:R05789	ec:3.1.3.71	rn:R05789
ate:Athe_2347	ko:K01992	-	-	-
ate:Athe_0307	ko:K01874	rn:R03659,rn:R04773	ec:6.1.1.10	rn:R04773,rn:R03659
ate:Athe_2155	ko:K02421	-	-	-
ate:Athe_0301	ko:K03412	-	ec:3.1.1.61	rn:R02624
ate:Athe_1259	ko:K02911	-	-	-
ate:Athe_1583	ko:K02003	-	-	-
ate:Athe_R0034	ko:K01985	-	-	-
ate:Athe_1805	ko:K00949	rn:R00619	ec:2.7.6.2	rn:R00619
ate:Athe_0085	ko:K17319	-	-	-
ate:Athe_R0040	ko:K14223	-	-	-
ate:Athe_2692	ko:K20074	-	ec:3.1.3.16	rn:R00164
ate:Athe_2275	ko:K06218	-	-	-
ate:Athe_2274	ko:K19814	-	ec:5.4.3.9	rn:R10153
ate:Athe_R0043	ko:K14220	-	-	-
ate:Athe_2366	ko:K01990	-	-	-
ate:Athe_0751	ko:K03977	-	-	-
ate:Athe_2574	ko:K15770	-	-	-
ate:Athe_0569	ko:K07183	-	-	-
ate:Athe_2576	ko:K00688	rn:R02111	ec:2.4.1.1	rn:R02111,rn:R06050,rn:R06185,rn:R01821
ate:Athe_R0042	ko:K14230	-	-	-
ate:Athe_2479	ko:K07496	-	-	-
ate:Athe_0111	ko:K02003	-	-	-
ate:Athe_1478	ko:K00013	rn:R01158,rn:R01163,rn:R03012	ec:1.1.1.23	rn:R01163,rn:R03012,rn:R01158
ate:Athe_1652	ko:K02422	-	-	-
ate:Athe_2595	ko:K03716	-	ec:4.1.99.14	-
ate:Athe_2578	ko:K15771	-	-	-
ate:Athe_2579	ko:K01208	rn:R02112,rn:R03122,rn:R11262	ec:3.2.1.54,ec:3.2.1.133,ec:3.2.1.135	rn:R06160,rn:R03122,rn:R02112,rn:R11262,-
ate:Athe_1372	ko:K06180	-	ec:5.4.99.23	-
ate:Athe_0653	ko:K07571	-	-	-
ate:Athe_R0013	ko:K14237	-	-	-
ate:Athe_0113	ko:K09697	-	ec:3.6.3.7	rn:R00086
ate:Athe_R0047	ko:K14229	-	-	-
ate:Athe_0655	ko:K01733	rn:R01466,rn:R05086	ec:4.2.3.1	rn:R05086,rn:R01466
ate:Athe_0654	ko:K01926	-	-	-
ate:Athe_0600	ko:K07720	-	-	-
ate:Athe_0659	ko:K04567	rn:R03658	ec:6.1.1.6	rn:R03658
ate:Athe_R0046	ko:K14235	-	-	-
ate:Athe_2390	ko:K01624	rn:R01068,rn:R01070,rn:R01829,rn:R02568	ec:4.1.2.13	rn:R01829,rn:R02568,rn:R01068,rn:R01070
ate:Athe_1586	ko:K06923	-	-	-
ate:Athe_R0048	ko:K14223	-	-	-
ate:Athe_0117	ko:K01990	-	-	-
ate:Athe_2392	ko:K02081	-	-	-
ate:Athe_1414	ko:K10907	-	-	-
ate:Athe_2577	ko:K15772	-	-	-
ate:Athe_1068	ko:K02909	-	-	-
ate:Athe_2701	ko:K19139	-	-	-
ate:Athe_1470	ko:K03980	-	-	-
ate:Athe_1901	ko:K07171	-	-	-
ate:Athe_1808	ko:K03526	rn:R08689,rn:R10859	ec:1.17.7.1,ec:1.17.7.3	rn:R08689,rn:R10859
ate:Athe_0754	ko:K03704	-	-	-
ate:Athe_2062	ko:K05946	-	ec:2.4.1.187	rn:R06129,rn:R05566
ate:Athe_1379	ko:K02823	-	-	-
ate:Athe_1896	ko:K02016	-	-	-
ate:Athe_2753	ko:K02040	-	-	-
ate:Athe_1269	ko:K09117	-	-	-
ate:Athe_2662	ko:K19116	-	-	-
ate:Athe_2397	ko:K09798	-	-	-
ate:Athe_0006	ko:K02470	-	ec:5.99.1.3	-
ate:Athe_0004	ko:K03629	-	-	-
ate:Athe_R0033	ko:K14237	-	-	-
ate:Athe_0003	ko:K02338	rn:R00375,rn:R00376,rn:R00377,rn:R00378	ec:2.7.7.7	rn:R11029,rn:R00375,rn:R00376,rn:R00377,rn:R00378,rn:R00379
ate:Athe_0626	ko:K03074	-	-	-
ate:Athe_1097	ko:K00175	rn:R01196,rn:R01197	ec:1.2.7.3,ec:1.2.7.11	rn:R01197,rn:R01196,rn:R01197,rn:R10516
ate:Athe_0008	ko:K02469	-	ec:5.99.1.3	-
ate:Athe_1831	ko:K02355	-	-	-
ate:Athe_2619	ko:K06147	-	-	-
ate:Athe_2618	ko:K06147	-	-	-
ate:Athe_2752	ko:K03496	-	-	-
ate:Athe_2159	ko:K03413	-	-	-
ate:Athe_2754	ko:K01077	rn:R02135,rn:R04620	ec:3.1.3.1	rn:R01010,rn:R04620,rn:R00626,rn:R02135,rn:R03024
ate:Athe_2755	ko:K03497	-	-	-
ate:Athe_2756	ko:K03501	-	ec:2.1.1.170	-
ate:Athe_2757	ko:K03495	rn:R08701	-	-
ate:Athe_2758	ko:K03650	rn:R08701	-	-
ate:Athe_2610	ko:K02004	-	-	-
ate:Athe_2065	ko:K04485	-	-	-
ate:Athe_1267	ko:K07107	-	-	-
ate:Athe_1093	ko:K04655	-	-	-
ate:Athe_2343	ko:K05540	-	-	-
ate:Athe_2117	ko:K07166	-	-	-
ate:Athe_1090	ko:K04656	-	-	-
ate:Athe_1091	ko:K04653	-	-	-
ate:Athe_0839	ko:K07095	-	-	-
ate:Athe_1109	ko:K01990	-	-	-
ate:Athe_0808	ko:K02992	-	-	-
ate:Athe_1424	ko:K02112	-	ec:3.6.3.14	rn:R00086
ate:Athe_1130	ko:K03406	-	-	-
ate:Athe_1624	ko:K21600	-	-	-
ate:Athe_0712	ko:K02316	-	-	-
ate:Athe_0713	ko:K03086	-	-	-
ate:Athe_0710	ko:K03544	-	-	-
ate:Athe_0711	ko:K01129	rn:R01856	ec:3.1.5.1	rn:R01856
ate:Athe_0851	ko:K17320	-	-	-
ate:Athe_1549	ko:K02687	-	-	-
ate:Athe_1445	ko:K00602	rn:R01127,rn:R04560	ec:2.1.2.3,ec:3.5.4.10	rn:R01127,rn:R04560,rn:R01127
ate:Athe_1444	ko:K01945	rn:R04144	ec:6.3.4.13	rn:R04144
ate:Athe_1447	ko:K01933	rn:R04208	ec:6.3.3.1	rn:R04208
ate:Athe_1154	ko:K00648	rn:R10707	ec:2.3.1.180	rn:R10707
ate:Athe_1441	ko:K02335	rn:R00375,rn:R00376,rn:R00377,rn:R00378	ec:2.7.7.7	rn:R11029,rn:R00375,rn:R00376,rn:R00377,rn:R00378,rn:R00379
ate:Athe_1440	ko:K00859	rn:R00130	ec:2.7.1.24	rn:R00130
ate:Athe_2702	ko:K09002	-	-	-
ate:Athe_0503	ko:K01653	rn:R00006,rn:R00014,rn:R00226,rn:R03050,rn:R04672,rn:R04673,rn:R08648	ec:2.2.1.6	rn:R00014,rn:R03050,rn:R04672,rn:R04673,rn:R08648,rn:R00006,rn:R00226
ate:Athe_0502	ko:K01652	rn:R00006,rn:R00014,rn:R00226,rn:R03050,rn:R04672,rn:R04673,rn:R08648	ec:2.2.1.6	rn:R00014,rn:R03050,rn:R04672,rn:R04673,rn:R08648,rn:R00006,rn:R00226
ate:Athe_1936	ko:K03892	-	-	-
ate:Athe_0500	ko:K06897	-	ec:2.5.1.105	rn:R10339
ate:Athe_1997	ko:K00864	rn:R00847	ec:2.7.1.30	rn:R00847
ate:Athe_1448	ko:K00764	rn:R01072	ec:2.4.2.14	rn:R01072
ate:Athe_1995	ko:K01624	rn:R01068,rn:R01070,rn:R01829,rn:R02568	ec:4.1.2.13	rn:R01829,rn:R02568,rn:R01068,rn:R01070
ate:Athe_1994	ko:K00058	rn:R01513	ec:1.1.1.95	rn:R01513,rn:R08198
ate:Athe_1544	ko:K19689	-	-	-
ate:Athe_2339	ko:K03569	-	-	-
ate:Athe_1151	ko:K00963	rn:R00289	ec:2.7.7.9	rn:R00289
ate:Athe_0598	ko:K10117	-	-	-
ate:Athe_0599	ko:K07718	-	ec:2.7.13.3	-
ate:Athe_2057	ko:K01811	-	ec:3.2.1.177	-
ate:Athe_2056	ko:K07718	-	ec:2.7.13.3	-
ate:Athe_2055	ko:K07720	-	-	-
ate:Athe_2726	ko:K03581	-	ec:3.1.11.5	-
ate:Athe_2053	ko:K17320	-	-	-
ate:Athe_2052	ko:K17318	-	-	-
ate:Athe_1828	ko:K03708	-	-	-
ate:Athe_2722	ko:K05970	-	ec:3.1.1.53	rn:R01810,rn:R08600,rn:R08601
ate:Athe_2354	ko:K05349	rn:R00026,rn:R02558,rn:R02887,rn:R02985,rn:R03527,rn:R04949,rn:R04998,rn:R10035,rn:R10039,rn:R10040	ec:3.2.1.21	rn:R00026,rn:R00306,rn:R02558,rn:R02887,rn:R02985,rn:R03527,rn:R04949,rn:R04998,rn:R06077,rn:R06092,rn:R10035,rn:R10039,rn:R10040
ate:Athe_1540	ko:K01956	rn:R00256,rn:R00575,rn:R01395,rn:R10948,rn:R10949	ec:6.3.5.5	rn:R07641,rn:R00575,rn:R00256,rn:R10948,rn:R10949,rn:R01395
ate:Athe_0517	ko:K09760	-	-	-
ate:Athe_2351	ko:K01990	-	-	-
ate:Athe_2059	ko:K00615	rn:R01067,rn:R01641,rn:R01830,rn:R06590	ec:2.2.1.1	rn:R01067,rn:R01830,rn:R06590,rn:R06861,rn:R06863,rn:R01641
ate:Athe_1541	ko:K01955	rn:R00256,rn:R00575,rn:R01395,rn:R10948,rn:R10949	ec:6.3.5.5	rn:R07641,rn:R00575,rn:R00256,rn:R10948,rn:R10949,rn:R01395
ate:Athe_1539	ko:K01953	rn:R00578	ec:6.3.5.4	rn:R00578,rn:R00256,rn:R00483
ate:Athe_1927	ko:K12308	rn:R01105	ec:3.2.1.23	rn:R01100,rn:R01105,rn:R01678,rn:R03355,rn:R04633,rn:R04783,rn:R05112,rn:R05994,rn:R06010,rn:R06098,rn:R06099,rn:R06114,rn:R06144,rn:R06202,rn:R07807
ate:Athe_0826	ko:K06857	rn:R10531	ec:3.6.3.55	rn:R10531
ate:Athe_0827	ko:K03750	rn:R09735	ec:2.10.1.1	rn:R09735
ate:Athe_1922	ko:K07053	rn:R00188,rn:R11188	ec:3.1.3.97	rn:R00188,rn:R11188
ate:Athe_0821	ko:K03738	rn:R08571	ec:1.2.7.5	rn:R07158,rn:R08571
ate:Athe_1920	ko:K02340	rn:R00375,rn:R00376,rn:R00377,rn:R00378	ec:2.7.7.7	rn:R11029,rn:R00375,rn:R00376,rn:R00377,rn:R00378,rn:R00379
ate:Athe_0595	ko:K17319	-	-	-
ate:Athe_1531	ko:K02867	-	-	-
ate:Athe_0436	ko:K04757	-	ec:2.7.11.1	rn:R03632,rn:R00162
ate:Athe_0435	ko:K04749	-	-	-
ate:Athe_1532	ko:K02601	-	-	-
ate:Athe_0828	ko:K03750,ko:K07219	rn:R09735,-	ec:2.10.1.1	rn:R09735
ate:Athe_0829	ko:K03639	rn:R09394	ec:4.1.99.22	rn:R09394
ate:Athe_0431	ko:K01439	rn:R02734	ec:3.5.1.18	rn:R02734
ate:Athe_0430	ko:K01448	rn:R04112	ec:3.5.1.28	rn:R04112
ate:Athe_1218	ko:K06969	-	ec:2.1.1.191	-
ate:Athe_1192	ko:K00395	rn:R00860,rn:R04927,rn:R08553	ec:1.8.99.2	rn:R04927,rn:R00860,rn:R08553
ate:Athe_1191	ko:K00394	rn:R00860,rn:R04927,rn:R08553	ec:1.8.99.2	rn:R04927,rn:R00860,rn:R08553
ate:Athe_1190	ko:K01740	rn:R01287,rn:R04859	ec:2.5.1.49	rn:R01287,rn:R04859,rn:R00651
ate:Athe_1196	ko:K02304	rn:R02864,rn:R03947	ec:1.3.1.76,ec:4.99.1.4	rn:R03947,rn:R02864
ate:Athe_1195	ko:K02492	rn:R04109	ec:1.2.1.70	rn:R04109
ate:Athe_1615	ko:K01738	rn:R00897,rn:R03601,rn:R04859	ec:2.5.1.47	rn:R03132,rn:R03601,rn:R04859,rn:R00897
ate:Athe_1746	ko:K02946	-	-	-
ate:Athe_1211	ko:K07447	-	-	-
ate:Athe_1199	ko:K13542	rn:R03165,rn:R03194	ec:2.1.1.107,ec:4.2.1.75	rn:R03950,rn:R03194,rn:R07237,rn:R07238,rn:R03165
ate:Athe_1213	ko:K00278	rn:R00357,rn:R00481	ec:1.4.3.16	rn:R00357,rn:R00481
ate:Athe_1214	ko:K00767	rn:R03348	ec:2.4.2.19	rn:R03348
ate:Athe_1743	ko:K02892	-	-	-
ate:Athe_1216	ko:K03752	rn:R11581	ec:2.7.7.77	rn:R11581
ate:Athe_0591	ko:K06199	-	-	-
ate:Athe_0341	ko:K04069	rn:R04710	ec:1.97.1.4	rn:R04710
ate:Athe_0242	ko:K03499	-	-	-
ate:Athe_1617	ko:K03688	-	-	-
ate:Athe_2773	ko:K03091	-	-	-
ate:Athe_0227	ko:K01192	-	ec:3.2.1.25	rn:R01332,rn:R06207,rn:R08613,rn:R08614
ate:Athe_0593	ko:K01876	rn:R05577	ec:6.1.1.12	rn:R05577
ate:Athe_1205	ko:K02916	-	-	-
ate:Athe_0223	ko:K01950	rn:R00257	ec:6.3.5.1	rn:R00189,rn:R00257
ate:Athe_2399	ko:K06412	-	-	-
ate:Athe_2703	ko:K19138	-	-	-
ate:Athe_1698	ko:K03786	rn:R03084	ec:4.2.1.10	rn:R03084
ate:Athe_1699	ko:K01151	-	ec:3.1.21.2	-
ate:Athe_1694	ko:K00766	rn:R01073	ec:2.4.2.18	rn:R01073
ate:Athe_0804	ko:K03043	rn:R00435,rn:R00441,rn:R00442,rn:R00443	ec:2.7.7.6	rn:R10813,rn:R00435,rn:R00441,rn:R00442,rn:R00443,rn:R00444
ate:Athe_1696	ko:K01657	rn:R00985,rn:R00986	ec:4.1.3.27	rn:R00985,rn:R00986
ate:Athe_1697	ko:K01262	-	ec:3.4.11.9	-
ate:Athe_1690	ko:K01695	rn:R00674,rn:R02340,rn:R02722	ec:4.2.1.20	rn:R02722,rn:R02340,rn:R00674
ate:Athe_1691	ko:K01696	rn:R00674,rn:R02340,rn:R02722	ec:4.2.1.20	rn:R02722,rn:R02340,rn:R00674
ate:Athe_1692	ko:K01817	rn:R03509	ec:5.3.1.24	rn:R03509
ate:Athe_1693	ko:K01609	rn:R03508	ec:4.1.1.48	rn:R03508
ate:Athe_R0038	ko:K01977	-	-	-
ate:Athe_2122	ko:K01611	rn:R00178	ec:4.1.1.50	rn:R00178
ate:Athe_1285	ko:K03657	-	ec:3.6.4.12	rn:R00086
ate:Athe_0184	ko:K01198	rn:R01433	ec:3.2.1.37	rn:R01433,rn:R06203
ate:Athe_1283	ko:K01889	rn:R03660	ec:6.1.1.20	rn:R03660
ate:Athe_1282	ko:K18707	rn:R10649	ec:2.8.4.5	rn:R10649,rn:R10650,rn:R10651
ate:Athe_2125	ko:K00058	rn:R01513	ec:1.1.1.95	rn:R01513,rn:R08198
ate:Athe_1280	ko:K07258	-	ec:3.4.16.4	-
ate:Athe_1324	ko:K06208	rn:R01715	ec:5.4.99.5	rn:R01715
ate:Athe_1325	ko:K00945	rn:R00158,rn:R00512,rn:R01665	ec:2.7.4.25	rn:R00512,rn:R01665
ate:Athe_1326	ko:K00655	rn:R02241,rn:R09381	ec:2.3.1.51	rn:R09381,rn:R02241,rn:R02760
ate:Athe_1327	ko:K03527,ko:K02945	rn:R05884,rn:R08210,-	ec:1.17.7.4	rn:R05884,rn:R08210
ate:Athe_2330	ko:K17318	-	-	-
ate:Athe_0039	ko:K01990	-	-	-
ate:Athe_1322	ko:K15634	rn:R01518	ec:5.4.2.12	rn:R01518
ate:Athe_1288	ko:K01662	rn:R05636	ec:2.2.1.7	rn:R05636
ate:Athe_1729	ko:K02881	-	-	-
ate:Athe_1065	ko:K03660	-	ec:4.2.99.18	-
ate:Athe_1064	ko:K01448	rn:R04112	ec:3.5.1.28	rn:R04112
ate:Athe_1063	ko:K03628	-	-	-
ate:Athe_1062	ko:K00027	rn:R00214	ec:1.1.1.38	rn:R00214,rn:R00217
ate:Athe_2451	ko:K12511	-	-	-
ate:Athe_1060	ko:K00600	rn:R00945,rn:R09099	ec:2.1.2.1	rn:R09099,rn:R00945
ate:Athe_1104	ko:K07406	rn:R01101,rn:R01103,rn:R01104,rn:R01194,rn:R01329,rn:R02926,rn:R03634,rn:R04019,rn:R04470,rn:R05549,rn:R05961,rn:R06091	ec:3.2.1.22	rn:R01101,rn:R01103,rn:R01104,rn:R01194,rn:R01329,rn:R02926,rn:R03618,rn:R03634,rn:R04019,rn:R04470,rn:R05549,rn:R05961,rn:R06070,rn:R06091,rn:R06093,rn:R06094,rn:R06096,rn:R06142,rn:R06152
ate:Athe_2248	ko:K07979	-	-	-
ate:Athe_1423	ko:K02114	-	-	-
ate:Athe_1100	ko:K09766	-	-	-
ate:Athe_1268	ko:K02970	-	-	-
ate:Athe_1103	ko:K01209	rn:R01762	ec:3.2.1.55	rn:R01762
ate:Athe_1265	ko:K00850	rn:R00756,rn:R03236,rn:R03237,rn:R03238,rn:R03239,rn:R04779	ec:2.7.1.11	rn:R00767,rn:R00769,rn:R00770,rn:R01843,rn:R03236,rn:R03237,rn:R03238,rn:R03239,rn:R00756,rn:R04779
ate:Athe_R0051	ko:K14233	-	-	-
ate:Athe_1266	ko:K00873	rn:R00200,rn:R00430,rn:R01138,rn:R01858,rn:R02320	ec:2.7.1.40	rn:R00430,rn:R00572,rn:R00659,rn:R00724,rn:R01138,rn:R01858,rn:R02320,rn:R00200
ate:Athe_0890	ko:K06994	-	-	-
ate:Athe_1260	ko:K01934	rn:R02301	ec:6.3.3.2	rn:R02301
ate:Athe_1263	ko:K06285	-	-	-
ate:Athe_1262	ko:K02337	rn:R00375,rn:R00376,rn:R00377,rn:R00378	ec:2.7.7.7	rn:R11029,rn:R00375,rn:R00376,rn:R00377,rn:R00378,rn:R00379
ate:Athe_1473	ko:K02500	rn:R04558	-	-
ate:Athe_0849	ko:K17318	-	-	-
ate:Athe_2731	ko:K06405	-	-	-
ate:Athe_0699	ko:K19956	rn:R03234	-	-
ate:Athe_2228	ko:K02103	-	-	-
ate:Athe_0836	ko:K06298	-	-	-
ate:Athe_R0001	ko:K14229	-	-	-
ate:Athe_2153	ko:K02400	-	-	-
ate:Athe_2621	ko:K07150	-	-	-
ate:Athe_2227	ko:K01786	rn:R05850	ec:5.1.3.4	rn:R05850
ate:Athe_2549	ko:K00549	rn:R04405,rn:R09365	ec:2.1.1.14	rn:R09365,rn:R04405
ate:Athe_1202	ko:K06864	-	-	-
ate:Athe_1183	ko:K02049	-	-	-
ate:Athe_2541	ko:K01012	rn:R01078	ec:2.8.1.6	rn:R01078
ate:Athe_2229	ko:K00853	rn:R01526,rn:R02439	ec:2.7.1.16	rn:R01526,rn:R02439
ate:Athe_2543	ko:K01935	rn:R03182	ec:6.3.3.3	rn:R03182
ate:Athe_2542	ko:K00833	rn:R03231	ec:2.6.1.62	rn:R03231
